{
    "providers": [
        {
            "type": "bitmap",
            "file": "splatter:frame0000.png",
            "ascent": 16,
            "height": 16,
            "chars": [
                "\ue000"
            ]
        },
        {
            "type": "bitmap",
            "file": "splatter:frame0001.png",
            "ascent": 16,
            "height": 16,
            "chars": [
                "\ue001"
            ]
        },
        {
            "type": "bitmap",
            "file": "splatter:frame0002.png",
            "ascent": 16,
            "height": 16,
            "chars": [
                "\ue002"
            ]
        },
        {
            "type": "bitmap",
            "file": "splatter:frame0003.png",
            "ascent": 16,
            "height": 16,
            "chars": [
                "\ue003"
            ]
        },
        {
            "type": "bitmap",
            "file": "splatter:frame0004.png",
            "ascent": 16,
            "height": 16,
            "chars": [
                "\ue004"
            ]
        },
        {
            "type": "bitmap",
            "file": "splatter:frame0005.png",
            "ascent": 16,
            "height": 16,
            "chars": [
                "\ue005"
            ]
        },
        {
            "type": "bitmap",
            "file": "splatter:frame0006.png",
            "ascent": 16,
            "height": 16,
            "chars": [
                "\ue006"
            ]
        },
        {
            "type": "bitmap",
            "file": "splatter:frame0007.png",
            "ascent": 16,
            "height": 16,
            "chars": [
                "\ue007"
            ]
        },
        {
            "type": "bitmap",
            "file": "splatter:frame0008.png",
            "ascent": 16,
            "height": 16,
            "chars": [
                "\ue008"
            ]
        },
        {
            "type": "bitmap",
            "file": "splatter:frame0009.png",
            "ascent": 16,
            "height": 16,
            "chars": [
                "\ue009"
            ]
        }
    ]
}