{
    "providers": [
        {
            "type": "bitmap",
            "file": "mydata:frame0000.png",
            "ascent": 16,
            "height": 16,
            "chars": [
                "\ue000"
            ]
        },
        {
            "type": "bitmap",
            "file": "mydata:frame0001.png",
            "ascent": 16,
            "height": 16,
            "chars": [
                "\ue001"
            ]
        },
        {
            "type": "bitmap",
            "file": "mydata:frame0002.png",
            "ascent": 16,
            "height": 16,
            "chars": [
                "\ue002"
            ]
        },
        {
            "type": "bitmap",
            "file": "mydata:frame0003.png",
            "ascent": 16,
            "height": 16,
            "chars": [
                "\ue003"
            ]
        },
        {
            "type": "bitmap",
            "file": "mydata:frame0004.png",
            "ascent": 16,
            "height": 16,
            "chars": [
                "\ue004"
            ]
        },
        {
            "type": "bitmap",
            "file": "mydata:frame0005.png",
            "ascent": 16,
            "height": 16,
            "chars": [
                "\ue005"
            ]
        },
        {
            "type": "bitmap",
            "file": "mydata:frame0006.png",
            "ascent": 16,
            "height": 16,
            "chars": [
                "\ue006"
            ]
        },
        {
            "type": "bitmap",
            "file": "mydata:frame0007.png",
            "ascent": 16,
            "height": 16,
            "chars": [
                "\ue007"
            ]
        },
        {
            "type": "bitmap",
            "file": "mydata:frame0008.png",
            "ascent": 16,
            "height": 16,
            "chars": [
                "\ue008"
            ]
        },
        {
            "type": "bitmap",
            "file": "mydata:frame0009.png",
            "ascent": 16,
            "height": 16,
            "chars": [
                "\ue009"
            ]
        },
        {
            "type": "bitmap",
            "file": "mydata:frame0010.png",
            "ascent": 16,
            "height": 16,
            "chars": [
                "\ue00a"
            ]
        },
        {
            "type": "bitmap",
            "file": "mydata:frame0011.png",
            "ascent": 16,
            "height": 16,
            "chars": [
                "\ue00b"
            ]
        },
        {
            "type": "bitmap",
            "file": "mydata:frame0012.png",
            "ascent": 16,
            "height": 16,
            "chars": [
                "\ue00c"
            ]
        },
        {
            "type": "bitmap",
            "file": "mydata:frame0013.png",
            "ascent": 16,
            "height": 16,
            "chars": [
                "\ue00d"
            ]
        },
        {
            "type": "bitmap",
            "file": "mydata:frame0014.png",
            "ascent": 16,
            "height": 16,
            "chars": [
                "\ue00e"
            ]
        },
        {
            "type": "bitmap",
            "file": "mydata:frame0015.png",
            "ascent": 16,
            "height": 16,
            "chars": [
                "\ue00f"
            ]
        }
    ]
}