{
	"textures": {
		"0": "block/plush/3fod",
		"particle": "block/plush/3fod"
	},
	"elements": [
		{
			"from": [6, -1, 8],
			"to": [10, 7, 11],
			"rotation": {"angle": -22.5, "axis": "x", "origin": [7, 0, 8]},
			"faces": {
				"north": {"uv": [16, 0, 15.75, 0.25], "texture": "#0"},
				"east": {"uv": [16, 0, 15.75, 0.25], "texture": "#0"},
				"south": {"uv": [15.75, 0, 16, 0.25], "texture": "#0"},
				"west": {"uv": [16, 0, 15.75, 0.25], "texture": "#0"},
				"up": {"uv": [15.75, 0, 16, 0.25], "texture": "#0"},
				"down": {"uv": [15.75, 0, 16, 0.25], "texture": "#0"}
			}
		},
		{
			"from": [3.5, 0, 6.5],
			"to": [5.5, 2, 10.5],
			"rotation": {"angle": 22.5, "axis": "y", "origin": [3.5, 0, 5.5]},
			"faces": {
				"north": {"uv": [16, 0, 15.75, 0.25], "texture": "#0"},
				"east": {"uv": [16, 0, 15.75, 0.25], "texture": "#0"},
				"south": {"uv": [16, 0, 15.75, 0.25], "texture": "#0"},
				"west": {"uv": [16, 0, 15.75, 0.25], "texture": "#0"},
				"up": {"uv": [15.75, 0, 16, 0.25], "texture": "#0"},
				"down": {"uv": [15.75, 0, 16, 0.25], "texture": "#0"}
			}
		},
		{
			"from": [6.5, 0, 6],
			"to": [9.5, 5, 8],
			"rotation": {"angle": 0, "axis": "y", "origin": [5.5, 0, 5]},
			"faces": {
				"north": {"uv": [16, 0, 15.75, 0.25], "texture": "#0"},
				"east": {"uv": [16, 0, 15.75, 0.25], "texture": "#0"},
				"south": {"uv": [15.75, 0, 16, 0.25], "texture": "#0"},
				"west": {"uv": [16, 0, 15.75, 0.25], "texture": "#0"},
				"up": {"uv": [15.75, 0, 16, 0.25], "texture": "#0"},
				"down": {"uv": [15.75, 0, 16, 0.25], "texture": "#0"}
			}
		},
		{
			"from": [5, 6, 4],
			"to": [11, 12, 10],
			"rotation": {"angle": 0, "axis": "y", "origin": [7, 5, 3]},
			"faces": {
				"north": {"uv": [3, 13, 5, 15], "texture": "#0"},
				"east": {"uv": [0, 13, 2, 15], "texture": "#0"},
				"south": {"uv": [9, 13, 11, 15], "texture": "#0"},
				"west": {"uv": [6, 13, 8, 15], "texture": "#0"},
				"up": {"uv": [5, 12.5, 3, 10.5], "texture": "#0"},
				"down": {"uv": [8, 10.5, 6, 12.5], "texture": "#0"}
			}
		},
		{
			"from": [4.85, 5.85, 3.85],
			"to": [11.15, 12.15, 10.15],
			"rotation": {"angle": 0, "axis": "y", "origin": [7, 5, 3]},
			"faces": {
				"north": {"uv": [2, 2, 4, 4], "texture": "#0"},
				"east": {"uv": [0, 2, 2, 4], "texture": "#0"},
				"south": {"uv": [6, 2, 8, 4], "texture": "#0"},
				"west": {"uv": [4, 2, 6, 4], "texture": "#0"},
				"up": {"uv": [4, 2, 2, 0], "texture": "#0"},
				"down": {"uv": [6, 0, 4, 2], "texture": "#0"}
			}
		},
		{
			"from": [10.5, 0, 6.5],
			"to": [12.5, 2, 10.5],
			"rotation": {"angle": -22.5, "axis": "y", "origin": [12.5, 0, 5.5]},
			"faces": {
				"north": {"uv": [16, 0, 15.75, 0.25], "texture": "#0"},
				"east": {"uv": [16, 0, 15.75, 0.25], "texture": "#0"},
				"south": {"uv": [16, 0, 15.75, 0.25], "texture": "#0"},
				"west": {"uv": [16, 0, 15.75, 0.25], "texture": "#0"},
				"up": {"uv": [16, 0, 15.75, 0.25], "texture": "#0"},
				"down": {"uv": [16, 0, 15.75, 0.25], "texture": "#0"}
			}
		}
	],
	"gui_light": "front",
	"display": {
		"thirdperson_righthand": {
			"rotation": [45.5, 0, 0],
			"translation": [0, 2.5, 1.25]
		},
		"thirdperson_lefthand": {
			"rotation": [45.5, 0, 0],
			"translation": [0, 2.5, 1.25]
		},
		"firstperson_righthand": {
			"rotation": [-180, 44.25, -180],
			"translation": [0, 7, 0]
		},
		"firstperson_lefthand": {
			"rotation": [-180, 44.25, -180],
			"translation": [0, 7, 0]
		},
		"ground": {
			"translation": [0, 7.5, 0],
			"scale": [1.5, 1.5, 1.5]
		},
		"gui": {
			"rotation": [-157.25, -27, -180],
			"translation": [0, 2, 0],
			"scale": [1.3, 1.3, 1.3]
		},
		"head": {
			"translation": [0, 16.75, -3],
			"scale": [1.3, 1.3, 1.3]
		},
		"fixed": {
			"rotation": [-90, 0, 0],
			"translation": [0, -3, 2],
			"scale": [2, 2, 2]
		}
	}
}