{
	"format_version": "1.9.0",
	"credit": "Made with Blockbench",
	"textures": {
		"1": "item/ant1",
		"particle": "item/ant1"
	},
	"elements": [
		{
			"from": [6.5, 8.55, 10],
			"to": [9.5, 10.55, 13],
			"rotation": {"angle": 0, "axis": "y", "origin": [8.5, 8.3, 13]},
			"faces": {
				"north": {"uv": [6, 2, 3, 4], "texture": "#1"},
				"east": {"uv": [6, 0, 3, 2], "texture": "#1"},
				"south": {"uv": [3, 6, 0, 8], "texture": "#1"},
				"west": {"uv": [6, 4, 3, 6], "texture": "#1"},
				"up": {"uv": [0, 3, 3, 0], "rotation": 90, "texture": "#1"},
				"down": {"uv": [0, 3, 3, 6], "rotation": 270, "texture": "#1"}
			}
		},
		{
			"from": [7.5, 9.8, 9.5],
			"to": [8.5, 9.8, 10],
			"rotation": {"angle": 0, "axis": "y", "origin": [9.5, 7.8, 10]},
			"faces": {
				"north": {"uv": [1, 0, 0, 0], "texture": "#1"},
				"east": {"uv": [1, 0, 0, 0], "texture": "#1"},
				"south": {"uv": [1, 0, 0, 0], "texture": "#1"},
				"west": {"uv": [1, 0, 0, 0], "texture": "#1"},
				"up": {"uv": [7, 10, 8, 9], "rotation": 90, "texture": "#1"},
				"down": {"uv": [9, 7, 10, 8], "rotation": 270, "texture": "#1"}
			}
		},
		{
			"from": [7.5, 9.8, 6.5],
			"to": [8.5, 9.8, 7],
			"rotation": {"angle": 0, "axis": "y", "origin": [9.5, 7.8, 7]},
			"faces": {
				"north": {"uv": [1, 0, 0, 0], "texture": "#1"},
				"east": {"uv": [1, 0, 0, 0], "texture": "#1"},
				"south": {"uv": [1, 0, 0, 0], "texture": "#1"},
				"west": {"uv": [1, 0, 0, 0], "texture": "#1"},
				"up": {"uv": [8, 10, 9, 9], "rotation": 90, "texture": "#1"},
				"down": {"uv": [9, 8, 10, 9], "rotation": 270, "texture": "#1"}
			}
		},
		{
			"from": [7, 8.8, 7],
			"to": [9, 10.8, 9.5],
			"rotation": {"angle": 0, "axis": "y", "origin": [8.5, 8.3, 9.5]},
			"faces": {
				"north": {"uv": [8, 6, 6, 8], "texture": "#1"},
				"east": {"uv": [9, 0, 6, 2], "texture": "#1"},
				"south": {"uv": [2, 8, 0, 10], "texture": "#1"},
				"west": {"uv": [9, 2, 6, 4], "texture": "#1"},
				"up": {"uv": [3, 8, 6, 6], "rotation": 90, "texture": "#1"},
				"down": {"uv": [6, 4, 9, 6], "rotation": 270, "texture": "#1"}
			}
		},
		{
			"from": [7, 8.8, 4.5],
			"to": [9, 10.3, 6.5],
			"rotation": {"angle": 0, "axis": "y", "origin": [9, 8.8, 6.5]},
			"faces": {
				"north": {"uv": [11, 0, 9, 1], "texture": "#1"},
				"east": {"uv": [11, 14, 8, 16], "texture": "#1"},
				"south": {"uv": [11, 2, 9, 3], "texture": "#1"},
				"west": {"uv": [16, 14, 13, 16], "texture": "#1"},
				"up": {"uv": [2, 10, 4, 8], "rotation": 90, "texture": "#1"},
				"down": {"uv": [4, 8, 6, 10], "rotation": 270, "texture": "#1"}
			}
		},
		{
			"from": [9.5, 7.3, 7.25],
			"to": [9.75, 8.3, 7.75],
			"rotation": {"angle": 22.5, "axis": "z", "origin": [7.5, 6.05, 7.5]},
			"faces": {
				"north": {"uv": [1, 10, 0, 11], "texture": "#1"},
				"east": {"uv": [10, 9, 9, 10], "texture": "#1"},
				"south": {"uv": [3, 10, 2, 11], "texture": "#1"},
				"west": {"uv": [2, 10, 1, 11], "texture": "#1"},
				"up": {"uv": [3, 11, 4, 10], "rotation": 90, "texture": "#1"},
				"down": {"uv": [4, 10, 5, 11], "rotation": 270, "texture": "#1"}
			}
		},
		{
			"from": [6.55, 8.95, 7.25],
			"to": [6.8, 9.95, 7.75],
			"rotation": {"angle": -22.5, "axis": "z", "origin": [4.55, 7.7, 7.5]},
			"faces": {
				"north": {"uv": [7, 10, 6, 11], "texture": "#1"},
				"east": {"uv": [6, 10, 5, 11], "texture": "#1"},
				"south": {"uv": [11, 7, 10, 8], "texture": "#1"},
				"west": {"uv": [8, 10, 7, 11], "texture": "#1"},
				"up": {"uv": [8, 11, 9, 10], "rotation": 90, "texture": "#1"},
				"down": {"uv": [10, 8, 11, 9], "rotation": 270, "texture": "#1"}
			}
		},
		{
			"from": [9.5, 7.3, 11.25],
			"to": [9.75, 8.3, 11.75],
			"rotation": {"angle": 22.5, "axis": "z", "origin": [7.5, 6.05, 11.5]},
			"faces": {
				"north": {"uv": [11, 9, 10, 10], "texture": "#1"},
				"east": {"uv": [10, 10, 9, 11], "texture": "#1"},
				"south": {"uv": [1, 11, 0, 12], "texture": "#1"},
				"west": {"uv": [11, 10, 10, 11], "texture": "#1"},
				"up": {"uv": [11, 1, 12, 0], "rotation": 90, "texture": "#1"},
				"down": {"uv": [1, 11, 2, 12], "rotation": 270, "texture": "#1"}
			}
		},
		{
			"from": [6.8, 10.8, 3],
			"to": [6.8, 12, 4.5],
			"rotation": {"angle": -22.5, "axis": "z", "origin": [4.8, 9.55, 4.25]},
			"faces": {
				"north": {"uv": [0, 0, 0, 1], "texture": "#1"},
				"east": {"uv": [14, 10, 11, 12], "texture": "#1"},
				"south": {"uv": [0, 0, 0, 1], "texture": "#1"},
				"west": {"uv": [14, 4, 11, 6], "texture": "#1"},
				"up": {"uv": [0, 0, 2, 0], "rotation": 90, "texture": "#1"},
				"down": {"uv": [0, 0, 2, 0], "rotation": 270, "texture": "#1"}
			}
		},
		{
			"from": [9.55, 9.15, 3],
			"to": [9.55, 10.35, 4.5],
			"rotation": {"angle": 22.5, "axis": "z", "origin": [7.3, 7.9, 4.25]},
			"faces": {
				"north": {"uv": [0, 0, 0, 1], "texture": "#1"},
				"east": {"uv": [14, 7, 11, 9], "texture": "#1"},
				"south": {"uv": [0, 0, 0, 1], "texture": "#1"},
				"west": {"uv": [15, 0, 12, 2], "texture": "#1"},
				"up": {"uv": [0, 0, 2, 0], "rotation": 90, "texture": "#1"},
				"down": {"uv": [0, 0, 2, 0], "rotation": 270, "texture": "#1"}
			}
		},
		{
			"from": [6.55, 8.95, 11.25],
			"to": [6.8, 9.95, 11.75],
			"rotation": {"angle": -22.5, "axis": "z", "origin": [4.55, 7.7, 11.5]},
			"faces": {
				"north": {"uv": [3, 11, 2, 12], "texture": "#1"},
				"east": {"uv": [12, 1, 11, 2], "texture": "#1"},
				"south": {"uv": [4, 11, 3, 12], "texture": "#1"},
				"west": {"uv": [12, 2, 11, 3], "texture": "#1"},
				"up": {"uv": [11, 4, 12, 3], "rotation": 90, "texture": "#1"},
				"down": {"uv": [4, 11, 5, 12], "rotation": 270, "texture": "#1"}
			}
		},
		{
			"from": [7, 9.25, 3.25],
			"to": [9, 9.25, 4.5],
			"rotation": {"angle": 0, "axis": "y", "origin": [9, 9.25, 4.5]},
			"faces": {
				"north": {"uv": [2, 0, 0, 0], "texture": "#1"},
				"east": {"uv": [1, 0, 0, 0], "texture": "#1"},
				"south": {"uv": [2, 0, 0, 0], "texture": "#1"},
				"west": {"uv": [1, 0, 0, 0], "texture": "#1"},
				"up": {"uv": [0, 16, 3, 12], "rotation": 90, "texture": "#1"},
				"down": {"uv": [3, 12, 6, 16], "rotation": 270, "texture": "#1"}
			}
		}
	],
	"display": {
		"firstperson_righthand": {
			"rotation": [93.11, -15.75, -179.16],
			"translation": [-9, 6.5, 0]
		},
		"firstperson_lefthand": {
			"rotation": [93.11, -15.75, -179.16],
			"translation": [-9, 6.5, 0]
		},
		"gui": {
			"rotation": [0, -180, 0],
			"translation": [0, 4.75, 0]
		},
		"head": {
			"rotation": [-12.5, -24.5, 0],
			"translation": [0, 13.25, -6.5]
		}
	}
}