{
	"format_version": "1.21.6",
	"credit": "Made with Blockbench",
	"texture_size": [32, 32],
	"textures": {
		"2": "item/awp",
		"particle": "item/awp"
	},
	"elements": [
		{
			"from": [7.375, 5.25, -0.25],
			"to": [8.625, 6.6, 12.25],
			"rotation": {"angle": 0, "axis": "y", "origin": [8.12812, 6.025, 8.29904]},
			"faces": {
				"north": {"uv": [6.53, 5.03, 6.97, 5.47], "texture": "#2"},
				"east": {"uv": [1.03, 3.03, 4.97, 3.47], "texture": "#2"},
				"south": {"uv": [3.53, 11.03, 3.97, 11.47], "texture": "#2"},
				"west": {"uv": [1.03, 3.53, 4.97, 3.97], "texture": "#2"},
				"up": {"uv": [1.47, 7.97, 1.03, 4.03], "texture": "#2"},
				"down": {"uv": [1.97, 4.03, 1.53, 7.97], "texture": "#2"}
			}
		},
		{
			"from": [7.375, 5.1, 14.525],
			"to": [8.625, 6.6, 16.475],
			"rotation": {"angle": 0, "axis": "y", "origin": [8.12812, 6.025, 8.29904]},
			"faces": {
				"north": {"uv": [5.03, 8.03, 5.47, 8.97], "texture": "#2"},
				"east": {"uv": [4.03, 4.03, 4.97, 4.97], "texture": "#2"},
				"south": {"uv": [5.53, 8.03, 5.97, 8.97], "texture": "#2"},
				"west": {"uv": [4.53, 1.03, 5.47, 1.97], "texture": "#2"},
				"up": {"uv": [6.47, 8.97, 6.03, 8.03], "texture": "#2"},
				"down": {"uv": [8.47, 6.03, 8.03, 6.97], "texture": "#2"}
			}
		},
		{
			"from": [7.325, 5.1, 16.425],
			"to": [8.675, 6.325, 20.65],
			"rotation": {"angle": 0, "axis": "y", "origin": [8.12812, 6.025, 8.29904]},
			"faces": {
				"north": {"uv": [4.53, 11.03, 4.97, 11.47], "texture": "#2"},
				"east": {"uv": [3.53, 2.53, 5.47, 2.97], "texture": "#2"},
				"south": {"uv": [11.03, 4.53, 11.47, 4.97], "texture": "#2"},
				"west": {"uv": [4.53, 2.03, 6.47, 2.47], "texture": "#2"},
				"up": {"uv": [5.47, 4.97, 5.03, 3.03], "texture": "#2"},
				"down": {"uv": [4.47, 5.03, 4.03, 6.97], "texture": "#2"}
			}
		},
		{
			"from": [7.375, -4.80373, 14.0872],
			"to": [8.625, -3.77873, 16.3122],
			"rotation": {"angle": -45, "axis": "x", "origin": [8.12812, 6.025, 8.29904]},
			"faces": {
				"north": {"uv": [11.03, 5.03, 11.47, 5.47], "texture": "#2"},
				"east": {"uv": [6.53, 2.03, 7.47, 2.47], "texture": "#2"},
				"south": {"uv": [11.03, 5.53, 11.47, 5.97], "texture": "#2"},
				"west": {"uv": [7.03, 8.03, 7.97, 8.47], "texture": "#2"},
				"up": {"uv": [8.47, 7.97, 8.03, 7.03], "texture": "#2"},
				"down": {"uv": [8.47, 8.03, 8.03, 8.97], "texture": "#2"}
			}
		},
		{
			"from": [7.4, 2.46079, 17.82396],
			"to": [8.6, 3.48579, 20.04896],
			"rotation": {"angle": 0, "axis": "y", "origin": [8.12812, 6.025, 8.29904]},
			"faces": {
				"north": {"uv": [11.03, 6.03, 11.47, 6.47], "texture": "#2"},
				"east": {"uv": [8.53, 1.03, 9.47, 1.47], "texture": "#2"},
				"south": {"uv": [11.03, 7.03, 11.47, 7.47], "texture": "#2"},
				"west": {"uv": [8.53, 1.53, 9.47, 1.97], "texture": "#2"},
				"up": {"uv": [2.47, 9.47, 2.03, 8.53], "texture": "#2"},
				"down": {"uv": [8.97, 2.03, 8.53, 2.97], "texture": "#2"}
			}
		},
		{
			"from": [7.4, 9.52281, 19.13837],
			"to": [8.6, 10.17281, 19.91337],
			"rotation": {"angle": 22.5, "axis": "x", "origin": [8.12812, 6.025, 8.29904]},
			"faces": {
				"north": {"uv": [7.53, 11.03, 7.97, 11.47], "texture": "#2"},
				"east": {"uv": [11.03, 7.53, 11.47, 7.97], "texture": "#2"},
				"south": {"uv": [8.03, 11.03, 8.47, 11.47], "texture": "#2"},
				"west": {"uv": [11.03, 8.03, 11.47, 8.47], "texture": "#2"},
				"up": {"uv": [8.97, 11.47, 8.53, 11.03], "texture": "#2"},
				"down": {"uv": [11.47, 8.53, 11.03, 8.97], "texture": "#2"}
			}
		},
		{
			"from": [7.425, -1.12768, 15.60977],
			"to": [8.575, 1.09732, 16.63477],
			"rotation": {"angle": -22.5, "axis": "x", "origin": [8.12812, 6.025, 8.29904]},
			"faces": {
				"north": {"uv": [2.53, 8.53, 2.97, 9.47], "texture": "#2"},
				"east": {"uv": [3.03, 8.53, 3.47, 9.47], "texture": "#2"},
				"south": {"uv": [3.53, 8.53, 3.97, 9.47], "texture": "#2"},
				"west": {"uv": [4.03, 8.53, 4.47, 9.47], "texture": "#2"},
				"up": {"uv": [9.47, 11.47, 9.03, 11.03], "texture": "#2"},
				"down": {"uv": [11.47, 9.03, 11.03, 9.47], "texture": "#2"}
			}
		},
		{
			"from": [7.375, 4.27011, 16.96402],
			"to": [8.625, 5.14511, 17.96402],
			"rotation": {"angle": 0, "axis": "y", "origin": [8.12812, 6.025, 8.29904]},
			"faces": {
				"north": {"uv": [9.53, 11.03, 9.97, 11.47], "texture": "#2"},
				"east": {"uv": [11.03, 9.53, 11.47, 9.97], "texture": "#2"},
				"south": {"uv": [10.03, 11.03, 10.47, 11.47], "texture": "#2"},
				"west": {"uv": [11.03, 10.03, 11.47, 10.47], "texture": "#2"},
				"up": {"uv": [10.97, 11.47, 10.53, 11.03], "texture": "#2"},
				"down": {"uv": [11.47, 11.03, 11.03, 11.47], "texture": "#2"}
			}
		},
		{
			"from": [7.425, 11.85643, 15.74586],
			"to": [8.575, 12.55643, 16.04586],
			"rotation": {"angle": 45, "axis": "x", "origin": [8.12812, 6.025, 8.29904]},
			"faces": {
				"north": {"uv": [11.53, 0.03, 11.97, 0.47], "texture": "#2"},
				"east": {"uv": [11.53, 0.53, 11.97, 0.97], "texture": "#2"},
				"south": {"uv": [1.03, 11.53, 1.47, 11.97], "texture": "#2"},
				"west": {"uv": [11.53, 1.03, 11.97, 1.47], "texture": "#2"},
				"up": {"uv": [11.97, 1.97, 11.53, 1.53], "texture": "#2"},
				"down": {"uv": [11.97, 2.03, 11.53, 2.47], "texture": "#2"}
			}
		},
		{
			"from": [7.35, 3.875, 20.275],
			"to": [8.65, 6.3, 24.8],
			"rotation": {"angle": 0, "axis": "y", "origin": [8.12812, 6.025, 8.29904]},
			"faces": {
				"north": {"uv": [8.53, 4.53, 8.97, 5.47], "texture": "#2"},
				"east": {"uv": [1.03, 1.03, 3.47, 1.97], "texture": "#2"},
				"south": {"uv": [8.53, 5.53, 8.97, 6.47], "texture": "#2"},
				"west": {"uv": [1.03, 2.03, 3.47, 2.97], "texture": "#2"},
				"up": {"uv": [3.47, 6.47, 3.03, 4.03], "texture": "#2"},
				"down": {"uv": [3.97, 4.03, 3.53, 6.47], "texture": "#2"}
			}
		},
		{
			"from": [7.525, 3.575, 23.175],
			"to": [8.475, 3.875, 24.8],
			"rotation": {"angle": 0, "axis": "y", "origin": [8.12812, 6.025, 8.29904]},
			"faces": {
				"north": {"uv": [2.53, 11.53, 2.97, 11.97], "texture": "#2"},
				"east": {"uv": [8.53, 6.53, 9.47, 6.97], "texture": "#2"},
				"south": {"uv": [11.53, 2.53, 11.97, 2.97], "texture": "#2"},
				"west": {"uv": [7.03, 8.53, 7.97, 8.97], "texture": "#2"},
				"up": {"uv": [8.97, 7.97, 8.53, 7.03], "texture": "#2"},
				"down": {"uv": [8.97, 8.03, 8.53, 8.97], "texture": "#2"}
			}
		},
		{
			"from": [7.525, 3, 24.1],
			"to": [8.475, 3.575, 24.8],
			"rotation": {"angle": 0, "axis": "y", "origin": [8.12812, 6.025, 8.29904]},
			"faces": {
				"north": {"uv": [11.53, 3.03, 11.97, 3.47], "texture": "#2"},
				"east": {"uv": [3.53, 11.53, 3.97, 11.97], "texture": "#2"},
				"south": {"uv": [11.53, 3.53, 11.97, 3.97], "texture": "#2"},
				"west": {"uv": [4.03, 11.53, 4.47, 11.97], "texture": "#2"},
				"up": {"uv": [11.97, 4.47, 11.53, 4.03], "texture": "#2"},
				"down": {"uv": [4.97, 11.53, 4.53, 11.97], "texture": "#2"}
			}
		},
		{
			"from": [7.4, 9.36003, 15.6326],
			"to": [8.6, 9.68503, 16.4076],
			"rotation": {"angle": 22.5, "axis": "x", "origin": [8.12812, 6.025, 8.29904]},
			"faces": {
				"north": {"uv": [11.53, 4.53, 11.97, 4.97], "texture": "#2"},
				"east": {"uv": [5.03, 11.53, 5.47, 11.97], "texture": "#2"},
				"south": {"uv": [11.53, 5.03, 11.97, 5.47], "texture": "#2"},
				"west": {"uv": [5.53, 11.53, 5.97, 11.97], "texture": "#2"},
				"up": {"uv": [11.97, 5.97, 11.53, 5.53], "texture": "#2"},
				"down": {"uv": [6.47, 11.53, 6.03, 11.97], "texture": "#2"}
			}
		},
		{
			"from": [7.375, 5.25, 12.2],
			"to": [8.625, 6.35, 14.55],
			"rotation": {"angle": 0, "axis": "y", "origin": [8.12812, 6.025, 8.29904]},
			"faces": {
				"north": {"uv": [11.53, 6.03, 11.97, 6.47], "texture": "#2"},
				"east": {"uv": [9.03, 0.03, 9.97, 0.47], "texture": "#2"},
				"south": {"uv": [6.53, 11.53, 6.97, 11.97], "texture": "#2"},
				"west": {"uv": [9.03, 0.53, 9.97, 0.97], "texture": "#2"},
				"up": {"uv": [9.47, 2.97, 9.03, 2.03], "texture": "#2"},
				"down": {"uv": [4.97, 9.03, 4.53, 9.97], "texture": "#2"}
			}
		},
		{
			"from": [7.4, 8.5388, 13.83103],
			"to": [8.6, 8.9388, 14.03103],
			"rotation": {"angle": 22.5, "axis": "x", "origin": [8.12812, 6.025, 8.29904]},
			"faces": {
				"north": {"uv": [11.53, 6.53, 11.97, 6.97], "texture": "#2"},
				"east": {"uv": [7.03, 11.53, 7.47, 11.97], "texture": "#2"},
				"south": {"uv": [11.53, 7.03, 11.97, 7.47], "texture": "#2"},
				"west": {"uv": [7.53, 11.53, 7.97, 11.97], "texture": "#2"},
				"up": {"uv": [11.97, 7.97, 11.53, 7.53], "texture": "#2"},
				"down": {"uv": [8.47, 11.53, 8.03, 11.97], "texture": "#2"}
			}
		},
		{
			"from": [7.4, 3.23784, 11.29938],
			"to": [8.6, 3.63784, 11.49938],
			"rotation": {"angle": -45, "axis": "x", "origin": [8.12812, 6.025, 8.29904]},
			"faces": {
				"north": {"uv": [11.53, 8.03, 11.97, 8.47], "texture": "#2"},
				"east": {"uv": [8.53, 11.53, 8.97, 11.97], "texture": "#2"},
				"south": {"uv": [11.53, 8.53, 11.97, 8.97], "texture": "#2"},
				"west": {"uv": [9.03, 11.53, 9.47, 11.97], "texture": "#2"},
				"up": {"uv": [11.97, 9.47, 11.53, 9.03], "texture": "#2"},
				"down": {"uv": [9.97, 11.53, 9.53, 11.97], "texture": "#2"}
			}
		},
		{
			"from": [7.425, 6.10743, 9.91132],
			"to": [8.575, 6.83243, 12.18632],
			"rotation": {"angle": 22.5, "axis": "x", "origin": [8.12812, 6.025, 8.29904]},
			"faces": {
				"north": {"uv": [11.53, 9.53, 11.97, 9.97], "texture": "#2"},
				"east": {"uv": [9.03, 4.53, 9.97, 4.97], "texture": "#2"},
				"south": {"uv": [10.03, 11.53, 10.47, 11.97], "texture": "#2"},
				"west": {"uv": [5.03, 9.03, 5.97, 9.47], "texture": "#2"},
				"up": {"uv": [9.47, 5.97, 9.03, 5.03], "texture": "#2"},
				"down": {"uv": [6.47, 9.03, 6.03, 9.97], "texture": "#2"}
			}
		},
		{
			"from": [7.4, 4.61356, 11.92197],
			"to": [8.6, 5.33856, 13.32197],
			"rotation": {"angle": 0, "axis": "y", "origin": [8.12812, 6.025, 8.29904]},
			"faces": {
				"north": {"uv": [11.53, 10.03, 11.97, 10.47], "texture": "#2"},
				"east": {"uv": [10.53, 11.53, 10.97, 11.97], "texture": "#2"},
				"south": {"uv": [11.53, 10.53, 11.97, 10.97], "texture": "#2"},
				"west": {"uv": [11.03, 11.53, 11.47, 11.97], "texture": "#2"},
				"up": {"uv": [11.97, 11.47, 11.53, 11.03], "texture": "#2"},
				"down": {"uv": [11.97, 11.53, 11.53, 11.97], "texture": "#2"}
			}
		},
		{
			"from": [7.425, 4.46356, 14.29697],
			"to": [8.575, 5.33856, 15.22197],
			"rotation": {"angle": 0, "axis": "y", "origin": [8.12812, 6.025, 8.29904]},
			"faces": {
				"north": {"uv": [0.03, 12.03, 0.47, 12.47], "texture": "#2"},
				"east": {"uv": [12.03, 0.03, 12.47, 0.47], "texture": "#2"},
				"south": {"uv": [0.53, 12.03, 0.97, 12.47], "texture": "#2"},
				"west": {"uv": [12.03, 0.53, 12.47, 0.97], "texture": "#2"},
				"up": {"uv": [1.47, 12.47, 1.03, 12.03], "texture": "#2"},
				"down": {"uv": [12.47, 1.03, 12.03, 1.47], "texture": "#2"}
			}
		},
		{
			"from": [7.375, 0.67972, 11.43611],
			"to": [8.625, 1.27972, 11.96111],
			"rotation": {"angle": -45, "axis": "x", "origin": [8.12812, 6.025, 8.29904]},
			"faces": {
				"north": {"uv": [1.53, 12.03, 1.97, 12.47], "texture": "#2"},
				"east": {"uv": [12.03, 1.53, 12.47, 1.97], "texture": "#2"},
				"south": {"uv": [2.03, 12.03, 2.47, 12.47], "texture": "#2"},
				"west": {"uv": [12.03, 2.03, 12.47, 2.47], "texture": "#2"},
				"up": {"uv": [2.97, 12.47, 2.53, 12.03], "texture": "#2"},
				"down": {"uv": [12.47, 2.53, 12.03, 2.97], "texture": "#2"}
			}
		},
		{
			"from": [7.375, 2.79881, 12.39949],
			"to": [8.625, 3.32381, 12.99949],
			"rotation": {"angle": -22.5, "axis": "x", "origin": [8.12812, 6.025, 8.29904]},
			"faces": {
				"north": {"uv": [3.03, 12.03, 3.47, 12.47], "texture": "#2"},
				"east": {"uv": [12.03, 3.03, 12.47, 3.47], "texture": "#2"},
				"south": {"uv": [3.53, 12.03, 3.97, 12.47], "texture": "#2"},
				"west": {"uv": [12.03, 3.53, 12.47, 3.97], "texture": "#2"},
				"up": {"uv": [4.47, 12.47, 4.03, 12.03], "texture": "#2"},
				"down": {"uv": [12.47, 4.03, 12.03, 4.47], "texture": "#2"}
			}
		},
		{
			"from": [7.4, 9.89906, 13.69749],
			"to": [8.6, 10.47406, 13.94749],
			"rotation": {"angle": 45, "axis": "x", "origin": [8.12812, 6.025, 8.29904]},
			"faces": {
				"north": {"uv": [4.53, 12.03, 4.97, 12.47], "texture": "#2"},
				"east": {"uv": [12.03, 4.53, 12.47, 4.97], "texture": "#2"},
				"south": {"uv": [5.03, 12.03, 5.47, 12.47], "texture": "#2"},
				"west": {"uv": [12.03, 5.03, 12.47, 5.47], "texture": "#2"},
				"up": {"uv": [5.97, 12.47, 5.53, 12.03], "texture": "#2"},
				"down": {"uv": [12.47, 5.53, 12.03, 5.97], "texture": "#2"}
			}
		},
		{
			"from": [7.425, 4.81356, 13.24697],
			"to": [8.575, 5.33856, 14.32197],
			"rotation": {"angle": 0, "axis": "y", "origin": [8.12812, 6.025, 8.29904]},
			"faces": {
				"north": {"uv": [6.03, 12.03, 6.47, 12.47], "texture": "#2"},
				"east": {"uv": [12.03, 6.03, 12.47, 6.47], "texture": "#2"},
				"south": {"uv": [6.53, 12.03, 6.97, 12.47], "texture": "#2"},
				"west": {"uv": [12.03, 6.53, 12.47, 6.97], "texture": "#2"},
				"up": {"uv": [7.47, 12.47, 7.03, 12.03], "texture": "#2"},
				"down": {"uv": [12.47, 7.03, 12.03, 7.47], "texture": "#2"}
			}
		},
		{
			"from": [7.625, 6.325, -7.825],
			"to": [8.375, 7.075, 9.875],
			"rotation": {"angle": 0, "axis": "y", "origin": [8.12812, 6.025, 8.29904]},
			"faces": {
				"north": {"uv": [4.97, 13.03, 4.53, 13.47], "texture": "#2"},
				"east": {"uv": [8.97, 0.53, 0.03, 0.97], "texture": "#2"},
				"south": {"uv": [13.47, 4.53, 13.03, 4.97], "texture": "#2"},
				"west": {"uv": [8.97, 0.03, 0.03, 0.47], "texture": "#2"},
				"up": {"uv": [0.03, 9.97, 0.47, 1.03], "texture": "#2"},
				"down": {"uv": [0.53, 1.03, 0.97, 9.97], "texture": "#2"}
			}
		},
		{
			"from": [7.625, 6.325, -9.825],
			"to": [8.375, 7.075, -8.525],
			"rotation": {"angle": 0, "axis": "y", "origin": [8.12812, 6.025, 8.29904]},
			"faces": {
				"north": {"uv": [10.47, 14.03, 10.03, 14.47], "texture": "#2"},
				"east": {"uv": [14.47, 10.53, 14.03, 10.97], "texture": "#2"},
				"south": {"uv": [10.97, 14.03, 10.53, 14.47], "texture": "#2"},
				"west": {"uv": [14.47, 10.03, 14.03, 10.47], "texture": "#2"},
				"up": {"uv": [11.03, 14.47, 11.47, 14.03], "texture": "#2"},
				"down": {"uv": [14.03, 11.03, 14.47, 11.47], "texture": "#2"}
			}
		},
		{
			"from": [7.525, 6.225, -8.575],
			"to": [8.475, 7.175, -7.825],
			"rotation": {"angle": 0, "axis": "y", "origin": [8.12812, 6.025, 8.29904]},
			"faces": {
				"north": {"uv": [8.97, 14.03, 8.53, 14.47], "texture": "#2"},
				"east": {"uv": [14.47, 9.03, 14.03, 9.47], "texture": "#2"},
				"south": {"uv": [9.47, 14.03, 9.03, 14.47], "texture": "#2"},
				"west": {"uv": [14.47, 8.53, 14.03, 8.97], "texture": "#2"},
				"up": {"uv": [9.53, 14.47, 9.97, 14.03], "texture": "#2"},
				"down": {"uv": [14.03, 9.53, 14.47, 9.97], "texture": "#2"}
			}
		},
		{
			"from": [7.625, 6.325, 9.875],
			"to": [8.375, 7.425, 12.375],
			"rotation": {"angle": 0, "axis": "y", "origin": [8.12812, 6.025, 8.29904]},
			"faces": {
				"north": {"uv": [5.47, 13.03, 5.03, 13.47], "texture": "#2"},
				"east": {"uv": [9.47, 4.03, 8.03, 4.47], "texture": "#2"},
				"south": {"uv": [13.47, 5.03, 13.03, 5.47], "texture": "#2"},
				"west": {"uv": [9.47, 3.53, 8.03, 3.97], "texture": "#2"},
				"up": {"uv": [1.53, 9.47, 1.97, 8.03], "texture": "#2"},
				"down": {"uv": [8.03, 4.53, 8.47, 5.97], "texture": "#2"}
			}
		},
		{
			"from": [7.625, 6.325, 14.55],
			"to": [8.375, 7.425, 15.175],
			"rotation": {"angle": 0, "axis": "y", "origin": [8.12812, 6.025, 8.29904]},
			"faces": {
				"north": {"uv": [5.97, 13.03, 5.53, 13.47], "texture": "#2"},
				"east": {"uv": [13.47, 6.03, 13.03, 6.47], "texture": "#2"},
				"south": {"uv": [6.47, 13.03, 6.03, 13.47], "texture": "#2"},
				"west": {"uv": [13.47, 5.53, 13.03, 5.97], "texture": "#2"},
				"up": {"uv": [6.53, 13.47, 6.97, 13.03], "texture": "#2"},
				"down": {"uv": [13.03, 6.53, 13.47, 6.97], "texture": "#2"}
			}
		},
		{
			"from": [7.625, 6.975, 12.3],
			"to": [8.375, 7.425, 14.6],
			"rotation": {"angle": 0, "axis": "y", "origin": [8.12812, 6.025, 8.29904]},
			"faces": {
				"north": {"uv": [7.47, 13.03, 7.03, 13.47], "texture": "#2"},
				"east": {"uv": [5.97, 9.53, 5.03, 9.97], "texture": "#2"},
				"south": {"uv": [13.47, 7.03, 13.03, 7.47], "texture": "#2"},
				"west": {"uv": [10.47, 4.03, 9.53, 4.47], "texture": "#2"},
				"up": {"uv": [9.53, 5.97, 9.97, 5.03], "texture": "#2"},
				"down": {"uv": [9.53, 7.53, 9.97, 8.47], "texture": "#2"}
			}
		},
		{
			"from": [7.625, 6.55, 12.3],
			"to": [7.775, 7, 14.6],
			"rotation": {"angle": 0, "axis": "y", "origin": [8.12812, 6.025, 8.29904]},
			"faces": {
				"north": {"uv": [7.97, 13.03, 7.53, 13.47], "texture": "#2"},
				"east": {"uv": [8.97, 9.53, 8.03, 9.97], "texture": "#2"},
				"south": {"uv": [13.47, 7.53, 13.03, 7.97], "texture": "#2"},
				"west": {"uv": [10.47, 6.53, 9.53, 6.97], "texture": "#2"},
				"up": {"uv": [9.53, 9.97, 9.97, 9.03], "texture": "#2"},
				"down": {"uv": [0.03, 10.03, 0.47, 10.97], "texture": "#2"}
			}
		},
		{
			"from": [7.625, 6.325, 12.325],
			"to": [8.375, 6.6, 14.6],
			"rotation": {"angle": 0, "axis": "y", "origin": [8.12812, 6.025, 8.29904]},
			"faces": {
				"north": {"uv": [8.47, 13.03, 8.03, 13.47], "texture": "#2"},
				"east": {"uv": [10.97, 0.53, 10.03, 0.97], "texture": "#2"},
				"south": {"uv": [13.47, 8.03, 13.03, 8.47], "texture": "#2"},
				"west": {"uv": [10.97, 0.03, 10.03, 0.47], "texture": "#2"},
				"up": {"uv": [0.53, 10.97, 0.97, 10.03], "texture": "#2"},
				"down": {"uv": [1.53, 10.03, 1.97, 10.97], "texture": "#2"}
			}
		},
		{
			"from": [8.175, 6.55, 12.3],
			"to": [8.325, 7, 14.6],
			"rotation": {"angle": 0, "axis": "y", "origin": [8.12812, 6.025, 8.29904]},
			"faces": {
				"north": {"uv": [8.97, 13.03, 8.53, 13.47], "texture": "#2"},
				"east": {"uv": [10.97, 2.03, 10.03, 2.47], "texture": "#2"},
				"south": {"uv": [13.47, 8.53, 13.03, 8.97], "texture": "#2"},
				"west": {"uv": [10.97, 1.53, 10.03, 1.97], "texture": "#2"},
				"up": {"uv": [2.03, 10.97, 2.47, 10.03], "texture": "#2"},
				"down": {"uv": [3.03, 10.03, 3.47, 10.97], "texture": "#2"}
			}
		},
		{
			"from": [7.725, 6.625, 15.55],
			"to": [8.275, 7.125, 16.975],
			"rotation": {"angle": 0, "axis": "y", "origin": [8.12812, 6.025, 8.29904]},
			"faces": {
				"north": {"uv": [9.47, 13.03, 9.03, 13.47], "texture": "#2"},
				"east": {"uv": [13.47, 9.53, 13.03, 9.97], "texture": "#2"},
				"south": {"uv": [9.97, 13.03, 9.53, 13.47], "texture": "#2"},
				"west": {"uv": [13.47, 9.03, 13.03, 9.47], "texture": "#2"},
				"up": {"uv": [10.03, 13.47, 10.47, 13.03], "texture": "#2"},
				"down": {"uv": [13.03, 10.03, 13.47, 10.47], "texture": "#2"}
			}
		},
		{
			"from": [7.875, 6.675, 15.25],
			"to": [8.725, 6.925, 15.5],
			"rotation": {"angle": 0, "axis": "y", "origin": [8.12812, 6.025, 8.29904]},
			"faces": {
				"north": {"uv": [10.97, 13.03, 10.53, 13.47], "texture": "#2"},
				"east": {"uv": [13.47, 11.03, 13.03, 11.47], "texture": "#2"},
				"south": {"uv": [11.47, 13.03, 11.03, 13.47], "texture": "#2"},
				"west": {"uv": [13.47, 10.53, 13.03, 10.97], "texture": "#2"},
				"up": {"uv": [11.53, 13.47, 11.97, 13.03], "texture": "#2"},
				"down": {"uv": [13.03, 11.53, 13.47, 11.97], "texture": "#2"}
			}
		},
		{
			"from": [8.77398, 5.87808, 15.25],
			"to": [9.02398, 6.62808, 15.5],
			"rotation": {"angle": 22.5, "axis": "z", "origin": [8.12812, 6.025, 8.29904]},
			"faces": {
				"north": {"uv": [12.47, 13.03, 12.03, 13.47], "texture": "#2"},
				"east": {"uv": [13.47, 12.53, 13.03, 12.97], "texture": "#2"},
				"south": {"uv": [12.97, 13.03, 12.53, 13.47], "texture": "#2"},
				"west": {"uv": [13.47, 12.03, 13.03, 12.47], "texture": "#2"},
				"up": {"uv": [13.03, 13.47, 13.47, 13.03], "texture": "#2"},
				"down": {"uv": [0.03, 13.53, 0.47, 13.97], "texture": "#2"}
			}
		},
		{
			"from": [8.67398, 5.77808, 15.15],
			"to": [9.12398, 6.12808, 15.6],
			"rotation": {"angle": 22.5, "axis": "z", "origin": [8.12812, 6.025, 8.29904]},
			"faces": {
				"north": {"uv": [13.97, 0.03, 13.53, 0.47], "texture": "#2"},
				"east": {"uv": [1.47, 13.53, 1.03, 13.97], "texture": "#2"},
				"south": {"uv": [13.97, 0.53, 13.53, 0.97], "texture": "#2"},
				"west": {"uv": [0.97, 13.53, 0.53, 13.97], "texture": "#2"},
				"up": {"uv": [13.53, 1.47, 13.97, 1.03], "texture": "#2"},
				"down": {"uv": [1.53, 13.53, 1.97, 13.97], "texture": "#2"}
			}
		},
		{
			"from": [7.625, 6.325, 15.95],
			"to": [8.375, 6.625, 16.975],
			"rotation": {"angle": 0, "axis": "y", "origin": [8.12812, 6.025, 8.29904]},
			"faces": {
				"north": {"uv": [13.97, 1.53, 13.53, 1.97], "texture": "#2"},
				"east": {"uv": [2.97, 13.53, 2.53, 13.97], "texture": "#2"},
				"south": {"uv": [13.97, 2.03, 13.53, 2.47], "texture": "#2"},
				"west": {"uv": [2.47, 13.53, 2.03, 13.97], "texture": "#2"},
				"up": {"uv": [13.53, 2.97, 13.97, 2.53], "texture": "#2"},
				"down": {"uv": [3.03, 13.53, 3.47, 13.97], "texture": "#2"}
			}
		},
		{
			"from": [7.65, 6.375, 15.05],
			"to": [8.325, 7.325, 16.275],
			"rotation": {"angle": 0, "axis": "y", "origin": [8.12812, 6.025, 8.29904]},
			"faces": {
				"north": {"uv": [13.97, 3.03, 13.53, 3.47], "texture": "#2"},
				"east": {"uv": [4.47, 13.53, 4.03, 13.97], "texture": "#2"},
				"south": {"uv": [13.97, 3.53, 13.53, 3.97], "texture": "#2"},
				"west": {"uv": [3.97, 13.53, 3.53, 13.97], "texture": "#2"},
				"up": {"uv": [13.53, 4.47, 13.97, 4.03], "texture": "#2"},
				"down": {"uv": [4.53, 13.53, 4.97, 13.97], "texture": "#2"}
			}
		},
		{
			"from": [7.825, 6.725, 11.3],
			"to": [8.175, 7.025, 15.675],
			"rotation": {"angle": 0, "axis": "y", "origin": [8.12812, 6.025, 8.29904]},
			"faces": {
				"north": {"uv": [13.97, 4.53, 13.53, 4.97], "texture": "#2"},
				"east": {"uv": [7.47, 1.03, 5.53, 1.47], "texture": "#2"},
				"south": {"uv": [5.47, 13.53, 5.03, 13.97], "texture": "#2"},
				"west": {"uv": [6.47, 5.03, 4.53, 5.47], "texture": "#2"},
				"up": {"uv": [2.03, 7.47, 2.47, 5.53], "texture": "#2"},
				"down": {"uv": [2.53, 5.53, 2.97, 7.47], "texture": "#2"}
			}
		},
		{
			"from": [7.525, 7.925, 11.225],
			"to": [8.475, 8.875, 15.425],
			"rotation": {"angle": 0, "axis": "y", "origin": [8.12812, 6.025, 8.29904]},
			"faces": {
				"north": {"uv": [13.97, 8.53, 13.53, 8.97], "texture": "#2"},
				"east": {"uv": [7.47, 2.53, 5.53, 2.97], "texture": "#2"},
				"south": {"uv": [9.47, 13.53, 9.03, 13.97], "texture": "#2"},
				"west": {"uv": [7.47, 1.53, 5.53, 1.97], "texture": "#2"},
				"up": {"uv": [5.53, 4.97, 5.97, 3.03], "texture": "#2"},
				"down": {"uv": [4.53, 5.53, 4.97, 7.47], "texture": "#2"}
			}
		},
		{
			"from": [7.475, 7.875, 10.8],
			"to": [8.525, 8.925, 11.275],
			"rotation": {"angle": 0, "axis": "y", "origin": [8.12812, 6.025, 8.29904]},
			"faces": {
				"north": {"uv": [3.97, 14.03, 3.53, 14.47], "texture": "#2"},
				"east": {"uv": [14.47, 4.03, 14.03, 4.47], "texture": "#2"},
				"south": {"uv": [4.47, 14.03, 4.03, 14.47], "texture": "#2"},
				"west": {"uv": [14.47, 3.53, 14.03, 3.97], "texture": "#2"},
				"up": {"uv": [4.53, 14.47, 4.97, 14.03], "texture": "#2"},
				"down": {"uv": [14.03, 4.53, 14.47, 4.97], "texture": "#2"}
			}
		},
		{
			"from": [7.375, 7.775, 10.175],
			"to": [8.625, 9.025, 10.85],
			"rotation": {"angle": 0, "axis": "y", "origin": [8.12812, 6.025, 8.29904]},
			"faces": {
				"north": {"uv": [5.47, 14.03, 5.03, 14.47], "texture": "#2"},
				"east": {"uv": [14.47, 5.53, 14.03, 5.97], "texture": "#2"},
				"south": {"uv": [5.97, 14.03, 5.53, 14.47], "texture": "#2"},
				"west": {"uv": [14.47, 5.03, 14.03, 5.47], "texture": "#2"},
				"up": {"uv": [6.03, 14.47, 6.47, 14.03], "texture": "#2"},
				"down": {"uv": [14.03, 6.03, 14.47, 6.47], "texture": "#2"}
			}
		},
		{
			"from": [7.175, 7.575, 8.2],
			"to": [8.825, 9.225, 10.225],
			"rotation": {"angle": 0, "axis": "y", "origin": [8.12812, 6.025, 8.29904]},
			"faces": {
				"north": {"uv": [7.97, 6.03, 7.03, 6.97], "texture": "#2"},
				"east": {"uv": [2.97, 7.53, 2.03, 8.47], "texture": "#2"},
				"south": {"uv": [8.47, 1.03, 7.53, 1.97], "texture": "#2"},
				"west": {"uv": [7.97, 7.03, 7.03, 7.97], "texture": "#2"},
				"up": {"uv": [7.53, 2.97, 8.47, 2.03], "texture": "#2"},
				"down": {"uv": [3.03, 7.53, 3.97, 8.47], "texture": "#2"}
			}
		},
		{
			"from": [7.175, 9.075, 8],
			"to": [8.825, 9.225, 8.25],
			"rotation": {"angle": 0, "axis": "y", "origin": [8.12812, 6.025, 8.29904]},
			"faces": {
				"north": {"uv": [11.47, 1.03, 10.53, 1.47], "texture": "#2"},
				"east": {"uv": [14.47, 6.53, 14.03, 6.97], "texture": "#2"},
				"south": {"uv": [11.47, 2.53, 10.53, 2.97], "texture": "#2"},
				"west": {"uv": [6.97, 14.03, 6.53, 14.47], "texture": "#2"},
				"up": {"uv": [10.53, 4.47, 11.47, 4.03], "texture": "#2"},
				"down": {"uv": [10.53, 6.53, 11.47, 6.97], "texture": "#2"}
			}
		},
		{
			"from": [7.175, 7.575, 8],
			"to": [7.325, 9.225, 8.25],
			"rotation": {"angle": 0, "axis": "y", "origin": [8.12812, 6.025, 8.29904]},
			"faces": {
				"north": {"uv": [11.47, 1.53, 11.03, 2.47], "texture": "#2"},
				"east": {"uv": [11.47, 3.03, 11.03, 3.97], "texture": "#2"},
				"south": {"uv": [3.47, 11.03, 3.03, 11.97], "texture": "#2"},
				"west": {"uv": [2.47, 11.03, 2.03, 11.97], "texture": "#2"},
				"up": {"uv": [8.03, 14.47, 8.47, 14.03], "texture": "#2"},
				"down": {"uv": [14.03, 8.03, 14.47, 8.47], "texture": "#2"}
			}
		},
		{
			"from": [8.675, 7.575, 8],
			"to": [8.825, 9.225, 8.25],
			"rotation": {"angle": 0, "axis": "y", "origin": [8.12812, 6.025, 8.29904]},
			"faces": {
				"north": {"uv": [0.47, 11.03, 0.03, 11.97], "texture": "#2"},
				"east": {"uv": [1.97, 11.03, 1.53, 11.97], "texture": "#2"},
				"south": {"uv": [0.97, 11.03, 0.53, 11.97], "texture": "#2"},
				"west": {"uv": [11.47, 0.03, 11.03, 0.97], "texture": "#2"},
				"up": {"uv": [7.53, 14.47, 7.97, 14.03], "texture": "#2"},
				"down": {"uv": [14.03, 7.53, 14.47, 7.97], "texture": "#2"}
			}
		},
		{
			"from": [7.175, 7.575, 8],
			"to": [8.825, 7.725, 8.25],
			"rotation": {"angle": 0, "axis": "y", "origin": [8.12812, 6.025, 8.29904]},
			"faces": {
				"north": {"uv": [8.47, 10.53, 7.53, 10.97], "texture": "#2"},
				"east": {"uv": [14.47, 7.03, 14.03, 7.47], "texture": "#2"},
				"south": {"uv": [9.47, 10.53, 8.53, 10.97], "texture": "#2"},
				"west": {"uv": [7.47, 14.03, 7.03, 14.47], "texture": "#2"},
				"up": {"uv": [9.53, 10.97, 10.47, 10.53], "texture": "#2"},
				"down": {"uv": [10.53, 10.53, 11.47, 10.97], "texture": "#2"}
			}
		},
		{
			"from": [7.45, 7.85, 12.475],
			"to": [8.55, 8.95, 13.75],
			"rotation": {"angle": 0, "axis": "y", "origin": [8.12812, 6.025, 8.29904]},
			"faces": {
				"north": {"uv": [13.97, 9.53, 13.53, 9.97], "texture": "#2"},
				"east": {"uv": [10.97, 13.53, 10.53, 13.97], "texture": "#2"},
				"south": {"uv": [13.97, 10.03, 13.53, 10.47], "texture": "#2"},
				"west": {"uv": [10.47, 13.53, 10.03, 13.97], "texture": "#2"},
				"up": {"uv": [13.53, 10.97, 13.97, 10.53], "texture": "#2"},
				"down": {"uv": [11.03, 13.53, 11.47, 13.97], "texture": "#2"}
			}
		},
		{
			"from": [7.275, 7.675, 15.375],
			"to": [8.725, 9.125, 16.025],
			"rotation": {"angle": 0, "axis": "y", "origin": [8.12812, 6.025, 8.29904]},
			"faces": {
				"north": {"uv": [10.97, 4.53, 10.03, 4.97], "texture": "#2"},
				"east": {"uv": [9.97, 13.53, 9.53, 13.97], "texture": "#2"},
				"south": {"uv": [5.97, 10.03, 5.03, 10.47], "texture": "#2"},
				"west": {"uv": [13.97, 9.03, 13.53, 9.47], "texture": "#2"},
				"up": {"uv": [10.03, 5.47, 10.97, 5.03], "texture": "#2"},
				"down": {"uv": [10.03, 5.53, 10.97, 5.97], "texture": "#2"}
			}
		},
		{
			"from": [7.35, 7.75, 15.95],
			"to": [8.65, 9.05, 18.25],
			"rotation": {"angle": 0, "axis": "y", "origin": [8.12812, 6.025, 8.29904]},
			"faces": {
				"north": {"uv": [6.97, 10.03, 6.03, 10.47], "texture": "#2"},
				"east": {"uv": [10.97, 7.03, 10.03, 7.47], "texture": "#2"},
				"south": {"uv": [7.97, 10.03, 7.03, 10.47], "texture": "#2"},
				"west": {"uv": [10.97, 6.03, 10.03, 6.47], "texture": "#2"},
				"up": {"uv": [5.03, 6.47, 5.97, 5.53], "texture": "#2"},
				"down": {"uv": [6.03, 3.03, 6.97, 3.97], "texture": "#2"}
			}
		},
		{
			"from": [7.325, 7.725, 17.925],
			"to": [7.575, 9.075, 18.475],
			"rotation": {"angle": 0, "axis": "y", "origin": [8.12812, 6.025, 8.29904]},
			"faces": {
				"north": {"uv": [13.97, 11.03, 13.53, 11.47], "texture": "#2"},
				"east": {"uv": [12.47, 13.53, 12.03, 13.97], "texture": "#2"},
				"south": {"uv": [13.97, 11.53, 13.53, 11.97], "texture": "#2"},
				"west": {"uv": [11.97, 13.53, 11.53, 13.97], "texture": "#2"},
				"up": {"uv": [13.53, 12.47, 13.97, 12.03], "texture": "#2"},
				"down": {"uv": [12.53, 13.53, 12.97, 13.97], "texture": "#2"}
			}
		},
		{
			"from": [8.425, 7.725, 17.925],
			"to": [8.675, 9.075, 18.475],
			"rotation": {"angle": 0, "axis": "y", "origin": [8.12812, 6.025, 8.29904]},
			"faces": {
				"north": {"uv": [13.97, 12.53, 13.53, 12.97], "texture": "#2"},
				"east": {"uv": [13.97, 13.53, 13.53, 13.97], "texture": "#2"},
				"south": {"uv": [13.97, 13.03, 13.53, 13.47], "texture": "#2"},
				"west": {"uv": [13.47, 13.53, 13.03, 13.97], "texture": "#2"},
				"up": {"uv": [0.03, 14.47, 0.47, 14.03], "texture": "#2"},
				"down": {"uv": [14.03, 0.03, 14.47, 0.47], "texture": "#2"}
			}
		},
		{
			"from": [7.575, 7.725, 17.925],
			"to": [8.425, 7.975, 18.475],
			"rotation": {"angle": 0, "axis": "y", "origin": [8.12812, 6.025, 8.29904]},
			"faces": {
				"north": {"uv": [0.97, 14.03, 0.53, 14.47], "texture": "#2"},
				"east": {"uv": [14.47, 1.03, 14.03, 1.47], "texture": "#2"},
				"south": {"uv": [1.47, 14.03, 1.03, 14.47], "texture": "#2"},
				"west": {"uv": [14.47, 0.53, 14.03, 0.97], "texture": "#2"},
				"up": {"uv": [1.53, 14.47, 1.97, 14.03], "texture": "#2"},
				"down": {"uv": [14.03, 1.53, 14.47, 1.97], "texture": "#2"}
			}
		},
		{
			"from": [7.575, 8.825, 17.925],
			"to": [8.425, 9.075, 18.475],
			"rotation": {"angle": 0, "axis": "y", "origin": [8.12812, 6.025, 8.29904]},
			"faces": {
				"north": {"uv": [2.47, 14.03, 2.03, 14.47], "texture": "#2"},
				"east": {"uv": [14.47, 2.53, 14.03, 2.97], "texture": "#2"},
				"south": {"uv": [2.97, 14.03, 2.53, 14.47], "texture": "#2"},
				"west": {"uv": [14.47, 2.03, 14.03, 2.47], "texture": "#2"},
				"up": {"uv": [3.03, 14.47, 3.47, 14.03], "texture": "#2"},
				"down": {"uv": [14.03, 3.03, 14.47, 3.47], "texture": "#2"}
			}
		},
		{
			"from": [7.525, 7.375, 12.125],
			"to": [8.475, 7.75, 14.4],
			"rotation": {"angle": 0, "axis": "y", "origin": [8.12812, 6.025, 8.29904]},
			"faces": {
				"north": {"uv": [13.97, 5.03, 13.53, 5.47], "texture": "#2"},
				"east": {"uv": [10.97, 3.53, 10.03, 3.97], "texture": "#2"},
				"south": {"uv": [5.97, 13.53, 5.53, 13.97], "texture": "#2"},
				"west": {"uv": [10.97, 3.03, 10.03, 3.47], "texture": "#2"},
				"up": {"uv": [3.53, 10.97, 3.97, 10.03], "texture": "#2"},
				"down": {"uv": [4.53, 10.03, 4.97, 10.97], "texture": "#2"}
			}
		},
		{
			"from": [7.525, 7.375, 14.4],
			"to": [8.475, 7.95, 15],
			"rotation": {"angle": 0, "axis": "y", "origin": [8.12812, 6.025, 8.29904]},
			"faces": {
				"north": {"uv": [13.97, 5.53, 13.53, 5.97], "texture": "#2"},
				"east": {"uv": [6.97, 13.53, 6.53, 13.97], "texture": "#2"},
				"south": {"uv": [13.97, 6.03, 13.53, 6.47], "texture": "#2"},
				"west": {"uv": [6.47, 13.53, 6.03, 13.97], "texture": "#2"},
				"up": {"uv": [13.53, 6.97, 13.97, 6.53], "texture": "#2"},
				"down": {"uv": [7.03, 13.53, 7.47, 13.97], "texture": "#2"}
			}
		},
		{
			"from": [7.525, 7.375, 11.55],
			"to": [8.475, 7.95, 12.15],
			"rotation": {"angle": 0, "axis": "y", "origin": [8.12812, 6.025, 8.29904]},
			"faces": {
				"north": {"uv": [13.97, 7.03, 13.53, 7.47], "texture": "#2"},
				"east": {"uv": [8.47, 13.53, 8.03, 13.97], "texture": "#2"},
				"south": {"uv": [13.97, 7.53, 13.53, 7.97], "texture": "#2"},
				"west": {"uv": [7.97, 13.53, 7.53, 13.97], "texture": "#2"},
				"up": {"uv": [13.53, 8.47, 13.97, 8.03], "texture": "#2"},
				"down": {"uv": [8.53, 13.53, 8.97, 13.97], "texture": "#2"}
			}
		},
		{
			"from": [7.5, 8.85, 12.6],
			"to": [8.5, 9.325, 13.6],
			"rotation": {"angle": 0, "axis": "y", "origin": [8.12812, 6.025, 8.29904]},
			"faces": {
				"north": {"uv": [10.97, 7.53, 10.03, 7.97], "texture": "#2"},
				"east": {"uv": [10.97, 8.53, 10.03, 8.97], "texture": "#2"},
				"south": {"uv": [10.97, 8.03, 10.03, 8.47], "texture": "#2"},
				"west": {"uv": [8.97, 10.03, 8.03, 10.47], "texture": "#2"},
				"up": {"uv": [6.03, 4.97, 6.97, 4.03], "texture": "#2"},
				"down": {"uv": [6.03, 5.53, 6.97, 6.47], "texture": "#2"}
			}
		},
		{
			"from": [7.45, 9.3, 12.55],
			"to": [8.55, 9.6, 13.65],
			"rotation": {"angle": 0, "axis": "y", "origin": [8.12812, 6.025, 8.29904]},
			"faces": {
				"north": {"uv": [9.97, 10.03, 9.03, 10.47], "texture": "#2"},
				"east": {"uv": [10.97, 10.03, 10.03, 10.47], "texture": "#2"},
				"south": {"uv": [10.97, 9.53, 10.03, 9.97], "texture": "#2"},
				"west": {"uv": [10.97, 9.03, 10.03, 9.47], "texture": "#2"},
				"up": {"uv": [3.03, 7.47, 3.97, 6.53], "texture": "#2"},
				"down": {"uv": [5.03, 6.53, 5.97, 7.47], "texture": "#2"}
			}
		},
		{
			"from": [8.40625, 7.91875, 12.6],
			"to": [8.88125, 8.91875, 13.6],
			"rotation": {"angle": 0, "axis": "y", "origin": [8.12812, 6.025, 8.29904]},
			"faces": {
				"north": {"uv": [5.97, 10.53, 5.53, 11.47], "texture": "#2"},
				"east": {"uv": [7.97, 5.03, 7.03, 5.97], "texture": "#2"},
				"south": {"uv": [6.47, 10.53, 6.03, 11.47], "texture": "#2"},
				"west": {"uv": [7.97, 4.03, 7.03, 4.97], "texture": "#2"},
				"up": {"uv": [6.53, 11.47, 6.97, 10.53], "texture": "#2"},
				"down": {"uv": [7.03, 10.53, 7.47, 11.47], "texture": "#2"}
			}
		},
		{
			"from": [8.85625, 7.86875, 12.55],
			"to": [9.15625, 8.96875, 13.65],
			"rotation": {"angle": 0, "axis": "y", "origin": [8.12812, 6.025, 8.29904]},
			"faces": {
				"north": {"uv": [1.47, 10.53, 1.03, 11.47], "texture": "#2"},
				"east": {"uv": [7.97, 3.03, 7.03, 3.97], "texture": "#2"},
				"south": {"uv": [2.97, 10.53, 2.53, 11.47], "texture": "#2"},
				"west": {"uv": [6.97, 6.53, 6.03, 7.47], "texture": "#2"},
				"up": {"uv": [4.03, 11.47, 4.47, 10.53], "texture": "#2"},
				"down": {"uv": [5.03, 10.53, 5.47, 11.47], "texture": "#2"}
			}
		},
		{
			"from": [7.575, 3.78856, 12.59697],
			"to": [8.425, 5.08856, 14.62197],
			"rotation": {"angle": 0, "axis": "y", "origin": [8.12812, 6.025, 8.29904]},
			"faces": {
				"north": {"uv": [4.03, 13.03, 4.47, 13.47], "texture": "#2"},
				"east": {"uv": [9.53, 2.53, 10.47, 2.97], "texture": "#2"},
				"south": {"uv": [13.03, 4.03, 13.47, 4.47], "texture": "#2"},
				"west": {"uv": [3.03, 9.53, 3.97, 9.97], "texture": "#2"},
				"up": {"uv": [9.97, 3.97, 9.53, 3.03], "texture": "#2"},
				"down": {"uv": [4.47, 9.53, 4.03, 10.47], "texture": "#2"}
			}
		},
		{
			"from": [7.75, 2.7, 23.25],
			"to": [8.25, 3.6, 23.75],
			"rotation": {"angle": 0, "axis": "y", "origin": [8.12812, 6.025, 8.29904]},
			"faces": {
				"north": {"uv": [12.53, 12.03, 12.97, 12.47], "texture": "#2"},
				"east": {"uv": [12.53, 12.53, 12.97, 12.97], "texture": "#2"},
				"south": {"uv": [0.03, 13.03, 0.47, 13.47], "texture": "#2"},
				"west": {"uv": [13.03, 0.03, 13.47, 0.47], "texture": "#2"},
				"up": {"uv": [0.97, 13.47, 0.53, 13.03], "texture": "#2"},
				"down": {"uv": [13.47, 0.53, 13.03, 0.97], "texture": "#2"}
			}
		},
		{
			"from": [7.5, 2.45, 23],
			"to": [8.5, 2.75, 24],
			"rotation": {"angle": 0, "axis": "y", "origin": [8.12812, 6.025, 8.29904]},
			"faces": {
				"north": {"uv": [1.03, 13.03, 1.47, 13.47], "texture": "#2"},
				"east": {"uv": [13.03, 1.03, 13.47, 1.47], "texture": "#2"},
				"south": {"uv": [1.53, 13.03, 1.97, 13.47], "texture": "#2"},
				"west": {"uv": [13.03, 1.53, 13.47, 1.97], "texture": "#2"},
				"up": {"uv": [2.47, 13.47, 2.03, 13.03], "texture": "#2"},
				"down": {"uv": [13.47, 2.03, 13.03, 2.47], "texture": "#2"}
			}
		},
		{
			"from": [7.5, 2.95, 23],
			"to": [8.5, 3.25, 24],
			"rotation": {"angle": 0, "axis": "y", "origin": [8.12812, 6.025, 8.29904]},
			"faces": {
				"north": {"uv": [2.53, 13.03, 2.97, 13.47], "texture": "#2"},
				"east": {"uv": [13.03, 2.53, 13.47, 2.97], "texture": "#2"},
				"south": {"uv": [3.03, 13.03, 3.47, 13.47], "texture": "#2"},
				"west": {"uv": [13.03, 3.03, 13.47, 3.47], "texture": "#2"},
				"up": {"uv": [3.97, 13.47, 3.53, 13.03], "texture": "#2"},
				"down": {"uv": [13.47, 3.53, 13.03, 3.97], "texture": "#2"}
			}
		},
		{
			"from": [7.375, 2.925, 24.775],
			"to": [8.625, 6.325, 26.325],
			"rotation": {"angle": 0, "axis": "y", "origin": [8.12812, 6.025, 8.29904]},
			"faces": {
				"north": {"uv": [4.03, 7.03, 4.47, 8.47], "texture": "#2"},
				"east": {"uv": [3.53, 1.03, 4.47, 2.47], "texture": "#2"},
				"south": {"uv": [4.53, 7.53, 4.97, 8.97], "texture": "#2"},
				"west": {"uv": [2.03, 4.03, 2.97, 5.47], "texture": "#2"},
				"up": {"uv": [6.97, 9.97, 6.53, 9.03], "texture": "#2"},
				"down": {"uv": [7.47, 9.03, 7.03, 9.97], "texture": "#2"}
			}
		},
		{
			"from": [7.4, 9.64965, 25.14108],
			"to": [8.6, 10.04965, 26.11608],
			"rotation": {"angle": 22.5, "axis": "x", "origin": [8.12812, 6.025, 8.29904]},
			"faces": {
				"north": {"uv": [12.53, 5.53, 12.97, 5.97], "texture": "#2"},
				"east": {"uv": [6.03, 12.53, 6.47, 12.97], "texture": "#2"},
				"south": {"uv": [12.53, 6.03, 12.97, 6.47], "texture": "#2"},
				"west": {"uv": [6.53, 12.53, 6.97, 12.97], "texture": "#2"},
				"up": {"uv": [12.97, 6.97, 12.53, 6.53], "texture": "#2"},
				"down": {"uv": [7.47, 12.53, 7.03, 12.97], "texture": "#2"}
			}
		},
		{
			"from": [7.40845, 5.70459, 24.775],
			"to": [7.88345, 6.10459, 26.3],
			"rotation": {"angle": -45, "axis": "z", "origin": [8.12812, 6.025, 8.29904]},
			"faces": {
				"north": {"uv": [12.53, 7.03, 12.97, 7.47], "texture": "#2"},
				"east": {"uv": [9.03, 6.03, 9.97, 6.47], "texture": "#2"},
				"south": {"uv": [7.53, 12.53, 7.97, 12.97], "texture": "#2"},
				"west": {"uv": [9.03, 7.03, 9.97, 7.47], "texture": "#2"},
				"up": {"uv": [7.97, 9.97, 7.53, 9.03], "texture": "#2"},
				"down": {"uv": [9.47, 7.53, 9.03, 8.47], "texture": "#2"}
			}
		},
		{
			"from": [7.64216, 6.10784, 24.775],
			"to": [8.34216, 6.60784, 26.3],
			"rotation": {"angle": 0, "axis": "y", "origin": [8.12812, 6.025, 8.29904]},
			"faces": {
				"north": {"uv": [12.53, 7.53, 12.97, 7.97], "texture": "#2"},
				"east": {"uv": [8.03, 9.03, 8.97, 9.47], "texture": "#2"},
				"south": {"uv": [8.03, 12.53, 8.47, 12.97], "texture": "#2"},
				"west": {"uv": [9.03, 8.53, 9.97, 8.97], "texture": "#2"},
				"up": {"uv": [9.47, 9.97, 9.03, 9.03], "texture": "#2"},
				"down": {"uv": [1.47, 9.53, 1.03, 10.47], "texture": "#2"}
			}
		},
		{
			"from": [8.1916, 5.88579, 24.775],
			"to": [8.6666, 6.28579, 26.3],
			"rotation": {"angle": 45, "axis": "z", "origin": [8.12812, 6.025, 8.29904]},
			"faces": {
				"north": {"uv": [12.53, 8.03, 12.97, 8.47], "texture": "#2"},
				"east": {"uv": [9.53, 1.03, 10.47, 1.47], "texture": "#2"},
				"south": {"uv": [8.53, 12.53, 8.97, 12.97], "texture": "#2"},
				"west": {"uv": [1.53, 9.53, 2.47, 9.97], "texture": "#2"},
				"up": {"uv": [9.97, 2.47, 9.53, 1.53], "texture": "#2"},
				"down": {"uv": [2.97, 9.53, 2.53, 10.47], "texture": "#2"}
			}
		},
		{
			"from": [7.525, 6.275, 20.9],
			"to": [8.475, 6.825, 24.275],
			"rotation": {"angle": 0, "axis": "y", "origin": [8.12812, 6.025, 8.29904]},
			"faces": {
				"north": {"uv": [12.53, 8.53, 12.97, 8.97], "texture": "#2"},
				"east": {"uv": [5.03, 7.53, 6.47, 7.97], "texture": "#2"},
				"south": {"uv": [9.03, 12.53, 9.47, 12.97], "texture": "#2"},
				"west": {"uv": [8.03, 3.03, 9.47, 3.47], "texture": "#2"},
				"up": {"uv": [6.97, 8.97, 6.53, 7.53], "texture": "#2"},
				"down": {"uv": [1.47, 8.03, 1.03, 9.47], "texture": "#2"}
			}
		},
		{
			"from": [7.575, 17.33739, 19.03006],
			"to": [8.425, 17.88739, 19.73006],
			"rotation": {"angle": 45, "axis": "x", "origin": [8.12812, 6.025, 8.29904]},
			"faces": {
				"north": {"uv": [12.53, 9.03, 12.97, 9.47], "texture": "#2"},
				"east": {"uv": [9.53, 12.53, 9.97, 12.97], "texture": "#2"},
				"south": {"uv": [12.53, 9.53, 12.97, 9.97], "texture": "#2"},
				"west": {"uv": [10.03, 12.53, 10.47, 12.97], "texture": "#2"},
				"up": {"uv": [12.97, 10.47, 12.53, 10.03], "texture": "#2"},
				"down": {"uv": [10.97, 12.53, 10.53, 12.97], "texture": "#2"}
			}
		},
		{
			"from": [7.575, -2.86954, 17.07495],
			"to": [8.425, -2.31954, 17.77495],
			"rotation": {"angle": -45, "axis": "x", "origin": [8.12812, 6.025, 8.29904]},
			"faces": {
				"north": {"uv": [12.53, 10.53, 12.97, 10.97], "texture": "#2"},
				"east": {"uv": [11.03, 12.53, 11.47, 12.97], "texture": "#2"},
				"south": {"uv": [12.53, 11.03, 12.97, 11.47], "texture": "#2"},
				"west": {"uv": [11.53, 12.53, 11.97, 12.97], "texture": "#2"},
				"up": {"uv": [12.97, 11.97, 12.53, 11.53], "texture": "#2"},
				"down": {"uv": [12.47, 12.53, 12.03, 12.97], "texture": "#2"}
			}
		},
		{
			"from": [7.625, 4.27011, 16.71402],
			"to": [8.375, 5.14511, 16.96402],
			"rotation": {"angle": 0, "axis": "y", "origin": [8.12812, 6.025, 8.29904]},
			"faces": {
				"north": {"uv": [7.53, 12.03, 7.97, 12.47], "texture": "#2"},
				"east": {"uv": [12.03, 7.53, 12.47, 7.97], "texture": "#2"},
				"south": {"uv": [8.03, 12.03, 8.47, 12.47], "texture": "#2"},
				"west": {"uv": [12.03, 8.03, 12.47, 8.47], "texture": "#2"},
				"up": {"uv": [8.97, 12.47, 8.53, 12.03], "texture": "#2"},
				"down": {"uv": [12.47, 8.53, 12.03, 8.97], "texture": "#2"}
			}
		},
		{
			"from": [7.625, 1.08776, 15.03288],
			"to": [8.375, 1.33776, 15.63288],
			"rotation": {"angle": -22.5, "axis": "x", "origin": [8.12812, 6.025, 8.29904]},
			"faces": {
				"north": {"uv": [9.03, 12.03, 9.47, 12.47], "texture": "#2"},
				"east": {"uv": [12.03, 9.03, 12.47, 9.47], "texture": "#2"},
				"south": {"uv": [9.53, 12.03, 9.97, 12.47], "texture": "#2"},
				"west": {"uv": [12.03, 9.53, 12.47, 9.97], "texture": "#2"},
				"up": {"uv": [10.47, 12.47, 10.03, 12.03], "texture": "#2"},
				"down": {"uv": [12.47, 10.03, 12.03, 10.47], "texture": "#2"}
			}
		},
		{
			"from": [7.625, 4.0405, 15.50969],
			"to": [8.375, 4.2905, 16.40969],
			"rotation": {"angle": 0, "axis": "y", "origin": [8.12812, 6.025, 8.29904]},
			"faces": {
				"north": {"uv": [10.53, 12.03, 10.97, 12.47], "texture": "#2"},
				"east": {"uv": [12.03, 10.53, 12.47, 10.97], "texture": "#2"},
				"south": {"uv": [11.03, 12.03, 11.47, 12.47], "texture": "#2"},
				"west": {"uv": [12.03, 11.03, 12.47, 11.47], "texture": "#2"},
				"up": {"uv": [11.97, 12.47, 11.53, 12.03], "texture": "#2"},
				"down": {"uv": [12.47, 11.53, 12.03, 11.97], "texture": "#2"}
			}
		},
		{
			"from": [7.625, 6.95096, 15.32025],
			"to": [8.375, 7.20096, 15.72025],
			"rotation": {"angle": 22.5, "axis": "x", "origin": [8.12812, 6.025, 8.29904]},
			"faces": {
				"north": {"uv": [12.03, 12.03, 12.47, 12.47], "texture": "#2"},
				"east": {"uv": [0.03, 12.53, 0.47, 12.97], "texture": "#2"},
				"south": {"uv": [12.53, 0.03, 12.97, 0.47], "texture": "#2"},
				"west": {"uv": [0.53, 12.53, 0.97, 12.97], "texture": "#2"},
				"up": {"uv": [12.97, 0.97, 12.53, 0.53], "texture": "#2"},
				"down": {"uv": [1.47, 12.53, 1.03, 12.97], "texture": "#2"}
			}
		},
		{
			"from": [7.725, 4.16275, 14.7328],
			"to": [8.275, 4.56275, 14.9078],
			"rotation": {"angle": 0, "axis": "y", "origin": [8.12812, 6.025, 8.29904]},
			"faces": {
				"north": {"uv": [12.53, 1.03, 12.97, 1.47], "texture": "#2"},
				"east": {"uv": [1.53, 12.53, 1.97, 12.97], "texture": "#2"},
				"south": {"uv": [12.53, 1.53, 12.97, 1.97], "texture": "#2"},
				"west": {"uv": [2.03, 12.53, 2.47, 12.97], "texture": "#2"},
				"up": {"uv": [12.97, 2.47, 12.53, 2.03], "texture": "#2"},
				"down": {"uv": [2.97, 12.53, 2.53, 12.97], "texture": "#2"}
			}
		},
		{
			"from": [7.725, 1.44241, 13.53041],
			"to": [8.275, 1.84241, 13.70541],
			"rotation": {"angle": -22.5, "axis": "x", "origin": [8.12812, 6.025, 8.29904]},
			"faces": {
				"north": {"uv": [12.53, 2.53, 12.97, 2.97], "texture": "#2"},
				"east": {"uv": [3.03, 12.53, 3.47, 12.97], "texture": "#2"},
				"south": {"uv": [12.53, 3.03, 12.97, 3.47], "texture": "#2"},
				"west": {"uv": [3.53, 12.53, 3.97, 12.97], "texture": "#2"},
				"up": {"uv": [12.97, 3.97, 12.53, 3.53], "texture": "#2"},
				"down": {"uv": [4.47, 12.53, 4.03, 12.97], "texture": "#2"}
			}
		},
		{
			"from": [7.625, 1.71501, 13.91854],
			"to": [8.375, 2.11501, 14.16854],
			"rotation": {"angle": -22.5, "axis": "x", "origin": [8.12812, 6.025, 8.29904]},
			"faces": {
				"north": {"uv": [12.53, 4.03, 12.97, 4.47], "texture": "#2"},
				"east": {"uv": [4.53, 12.53, 4.97, 12.97], "texture": "#2"},
				"south": {"uv": [12.53, 4.53, 12.97, 4.97], "texture": "#2"},
				"west": {"uv": [5.03, 12.53, 5.47, 12.97], "texture": "#2"},
				"up": {"uv": [12.97, 5.47, 12.53, 5.03], "texture": "#2"},
				"down": {"uv": [5.97, 12.53, 5.53, 12.97], "texture": "#2"}
			}
		},
		{
			"from": [7.625, 1.71501, 13.91854],
			"to": [8.375, 2.11501, 14.16854],
			"rotation": {"angle": -22.5, "axis": "x", "origin": [8.12812, 6.025, 8.29904]},
			"faces": {
				"north": {"uv": [12.53, 4.03, 12.97, 4.47], "texture": "#2"},
				"east": {"uv": [4.53, 12.53, 4.97, 12.97], "texture": "#2"},
				"south": {"uv": [12.53, 4.53, 12.97, 4.97], "texture": "#2"},
				"west": {"uv": [5.03, 12.53, 5.47, 12.97], "texture": "#2"},
				"up": {"uv": [12.97, 5.47, 12.53, 5.03], "texture": "#2"},
				"down": {"uv": [5.97, 12.53, 5.53, 12.97], "texture": "#2"}
			}
		}
	],
	"display": {
		"thirdperson_righthand": {
			"translation": [0, 2.25, -5.5],
			"scale": [0.7, 0.7, 0.7]
		},
		"thirdperson_lefthand": {
			"translation": [0, 2.25, -5.5],
			"scale": [0.7, 0.7, 0.7]
		},
		"firstperson_righthand": {
			"rotation": [0, -9, 0],
			"translation": [12, 5.25, -21.75],
			"scale": [2.16, 2.16, 2.16]
		},
		"firstperson_lefthand": {
			"rotation": [0, 4.25, 0],
			"translation": [0.25, 5.25, -21.75],
			"scale": [2.16, 2.16, 2.16]
		},
		"ground": {
			"rotation": [0, 0, 90],
			"translation": [-0.75, 0, 1.5]
		},
		"gui": {
			"rotation": [35.18, 38.93, -20.58],
			"translation": [0.75, 2, 0],
			"scale": [0.8, 0.8, 0.8]
		},
		"head": {
			"rotation": [94.57, -60.81, 76.49],
			"translation": [0, 18.75, 1.25]
		},
		"fixed": {
			"rotation": [90, 53.75, -90],
			"translation": [2.25, 1.5, 0]
		}
	},
	"groups": [
		{
			"name": "GUN",
			"origin": [8, 8, 8],
			"color": 0,
			"nbt": "{}",
			"children": [
				{
					"name": "Body",
					"origin": [8, 4.6875, -7.4],
					"color": 0,
					"nbt": "{}",
					"children": [0, 1, 2, 3, 4, 5, 6, 7, 8, 9, 10, 11, 12, 13, 14, 15, 16, 17, 18, 19, 20, 21, 22]
				},
				{
					"name": "barrel",
					"origin": [8, 8, 8],
					"color": 0,
					"nbt": "{}",
					"children": [
						{
							"name": "main",
							"origin": [7.625, 0, 0],
							"color": 0,
							"nbt": "{}",
							"children": [23, 24, 25, 26, 27, 28, 29, 30]
						},
						{
							"name": "bolt",
							"origin": [0.125, 0.5, 0.125],
							"color": 0,
							"nbt": "{}",
							"children": [31, 32, 33, 34, 35, 36, 37, 38]
						}
					]
				},
				{
					"name": "scope",
					"origin": [7.625, 0, 0],
					"color": 0,
					"nbt": "{}",
					"children": [39, 40, 41, 42, 43, 44, 45, 46, 47, 48, 49, 50, 51, 52, 53, 54, 55, 56, 57, 58, 59, 60]
				},
				{
					"name": "MAG",
					"origin": [8.625, 4.97606, 4.14053],
					"color": 0,
					"nbt": "{}",
					"children": [61]
				},
				{
					"name": "knobs idk",
					"origin": [7.75, 0, 0],
					"color": 0,
					"nbt": "{}",
					"children": [62, 63, 64]
				},
				{
					"name": "stock",
					"origin": [8.04164, 6.02448, -8.3375],
					"color": 0,
					"nbt": "{}",
					"children": [65, 66, 67, 68, 69, 70, 71, 72]
				},
				{
					"name": "Idk what to call this",
					"origin": [8, 4.64561, 2.1118],
					"color": 0,
					"nbt": "{}",
					"children": [73, 74, 75, 76, 77, 78, 79, 80]
				}
			]
		}
	]
}