{
	"format_version": "1.21.6",
	"textures": {
		"0": "item/beetle",
		"particle": "item/beetle"
	},
	"elements": [
		{
			"from": [6.5, 8.55, 6],
			"to": [9.5, 10.55, 10],
			"rotation": {"angle": 0, "axis": "y", "origin": [8.5, 8.3, 10]},
			"faces": {
				"north": {"uv": [0, 6, 3, 8], "texture": "#0"},
				"east": {"uv": [0, 4, 4, 6], "texture": "#0"},
				"south": {"uv": [6, 0, 9, 2], "texture": "#0"},
				"west": {"uv": [4, 4, 8, 6], "texture": "#0"},
				"up": {"uv": [3, 4, 0, 0], "texture": "#0"},
				"down": {"uv": [6, 0, 3, 4], "texture": "#0"}
			}
		},
		{
			"from": [7.5, 9.8, 9.5],
			"to": [8.5, 9.8, 10],
			"rotation": {"angle": 0, "axis": "y", "origin": [9.5, 7.8, 10]},
			"faces": {
				"north": {"uv": [0, 0, 1, 0], "texture": "#0"},
				"east": {"uv": [0, 0, 1, 0], "texture": "#0"},
				"south": {"uv": [0, 0, 1, 0], "texture": "#0"},
				"west": {"uv": [0, 0, 1, 0], "texture": "#0"},
				"up": {"uv": [10, 1, 9, 0], "texture": "#0"},
				"down": {"uv": [10, 1, 9, 2], "texture": "#0"}
			}
		},
		{
			"from": [7.5, 9.8, 6.5],
			"to": [8.5, 9.8, 7],
			"rotation": {"angle": 0, "axis": "y", "origin": [9.5, 7.8, 7]},
			"faces": {
				"north": {"uv": [0, 0, 1, 0], "texture": "#0"},
				"east": {"uv": [0, 0, 1, 0], "texture": "#0"},
				"south": {"uv": [0, 0, 1, 0], "texture": "#0"},
				"west": {"uv": [0, 0, 1, 0], "texture": "#0"},
				"up": {"uv": [3, 10, 2, 9], "texture": "#0"},
				"down": {"uv": [10, 2, 9, 3], "texture": "#0"}
			}
		},
		{
			"from": [6.75, 8.8, 4.5],
			"to": [9.25, 10.3, 6],
			"rotation": {"angle": 0, "axis": "y", "origin": [9, 8.8, 6.5]},
			"faces": {
				"north": {"uv": [6, 6, 9, 7], "texture": "#0"},
				"east": {"uv": [10, 11, 12, 13], "texture": "#0"},
				"south": {"uv": [6, 7, 9, 8], "texture": "#0"},
				"west": {"uv": [12, 6, 14, 8], "texture": "#0"},
				"up": {"uv": [9, 4, 6, 2], "texture": "#0"},
				"down": {"uv": [6, 6, 3, 8], "texture": "#0"}
			}
		},
		{
			"from": [9.5, 7.3, 6.25],
			"to": [9.75, 8.3, 6.75],
			"rotation": {"angle": 22.5, "axis": "z", "origin": [7.5, 6.05, 6.5]},
			"faces": {
				"north": {"uv": [3, 9, 4, 10], "texture": "#0"},
				"east": {"uv": [9, 3, 10, 4], "texture": "#0"},
				"south": {"uv": [4, 9, 5, 10], "texture": "#0"},
				"west": {"uv": [5, 9, 6, 10], "texture": "#0"},
				"up": {"uv": [7, 10, 6, 9], "texture": "#0"},
				"down": {"uv": [10, 6, 9, 7], "texture": "#0"}
			}
		},
		{
			"from": [6.55, 8.95, 6.25],
			"to": [6.8, 9.95, 6.75],
			"rotation": {"angle": -22.5, "axis": "z", "origin": [4.55, 7.7, 6.5]},
			"faces": {
				"north": {"uv": [7, 9, 8, 10], "texture": "#0"},
				"east": {"uv": [9, 7, 10, 8], "texture": "#0"},
				"south": {"uv": [8, 9, 9, 10], "texture": "#0"},
				"west": {"uv": [9, 9, 10, 10], "texture": "#0"},
				"up": {"uv": [1, 11, 0, 10], "texture": "#0"},
				"down": {"uv": [11, 0, 10, 1], "texture": "#0"}
			}
		},
		{
			"from": [9.5, 7.3, 9.25],
			"to": [9.75, 8.3, 9.75],
			"rotation": {"angle": 22.5, "axis": "z", "origin": [7.5, 6.05, 9.5]},
			"faces": {
				"north": {"uv": [1, 10, 2, 11], "texture": "#0"},
				"east": {"uv": [10, 1, 11, 2], "texture": "#0"},
				"south": {"uv": [2, 10, 3, 11], "texture": "#0"},
				"west": {"uv": [10, 2, 11, 3], "texture": "#0"},
				"up": {"uv": [4, 11, 3, 10], "texture": "#0"},
				"down": {"uv": [11, 3, 10, 4], "texture": "#0"}
			}
		},
		{
			"from": [7.12815, 9.95028, 3],
			"to": [7.12815, 11.15028, 4.5],
			"rotation": {"angle": 22.5, "axis": "z", "origin": [7.1, 9.95, 3.75]},
			"faces": {
				"north": {"uv": [0, 0, 0, 1], "texture": "#0"},
				"east": {"uv": [14, 0, 16, 2], "texture": "#0"},
				"south": {"uv": [0, 0, 0, 1], "texture": "#0"},
				"west": {"uv": [6, 14, 8, 12], "texture": "#0"},
				"up": {"uv": [0, 2, 0, 0], "texture": "#0"},
				"down": {"uv": [0, 0, 0, 2], "texture": "#0"}
			}
		},
		{
			"from": [8.88349, 9.89921, 3],
			"to": [8.88349, 11.09921, 4.5],
			"rotation": {"angle": -22.5, "axis": "z", "origin": [8.85, 9.95, 3.75]},
			"faces": {
				"north": {"uv": [0, 0, 0, 1], "texture": "#0"},
				"east": {"uv": [14, 9, 16, 11], "texture": "#0"},
				"south": {"uv": [0, 0, 0, 1], "texture": "#0"},
				"west": {"uv": [0, 13, 2, 15], "texture": "#0"},
				"up": {"uv": [0, 2, 0, 0], "texture": "#0"},
				"down": {"uv": [0, 0, 0, 2], "texture": "#0"}
			}
		},
		{
			"from": [6.55, 8.95, 9.25],
			"to": [6.8, 9.95, 9.75],
			"rotation": {"angle": -22.5, "axis": "z", "origin": [4.55, 7.7, 9.5]},
			"faces": {
				"north": {"uv": [4, 10, 5, 11], "texture": "#0"},
				"east": {"uv": [10, 4, 11, 5], "texture": "#0"},
				"south": {"uv": [5, 10, 6, 11], "texture": "#0"},
				"west": {"uv": [10, 5, 11, 6], "texture": "#0"},
				"up": {"uv": [7, 11, 6, 10], "texture": "#0"},
				"down": {"uv": [11, 6, 10, 7], "texture": "#0"}
			}
		},
		{
			"from": [7, 9.25, 3.25],
			"to": [9, 9.25, 4.5],
			"rotation": {"angle": 0, "axis": "y", "origin": [9, 9.25, 4.5]},
			"faces": {
				"north": {"uv": [0, 0, 2, 0], "texture": "#0"},
				"east": {"uv": [0, 0, 1, 0], "texture": "#0"},
				"south": {"uv": [0, 0, 2, 0], "texture": "#0"},
				"west": {"uv": [0, 0, 1, 0], "texture": "#0"},
				"up": {"uv": [6, 16, 2, 14], "texture": "#0"},
				"down": {"uv": [6, 12, 2, 14], "texture": "#0"}
			}
		}
	],
	"display": {
		"firstperson_righthand": {
			"rotation": [93.11, -15.75, -179.16],
			"translation": [-9, 6.5, 0]
		},
		"firstperson_lefthand": {
			"rotation": [93.11, -15.75, -179.16],
			"translation": [-9, 6.5, 0]
		},
		"gui": {
			"rotation": [0, -180, 0],
			"translation": [0, 4.75, 0]
		},
		"head": {
			"rotation": [-12.5, -24.5, 0],
			"translation": [0, 13.25, -6.5]
		}
	}
}