{
	"textures": {
		"0": "item/bird_bomb"
	},
	"elements": [
		{
			"from": [5, 0, 6],
			"to": [11, 8, 12],
			"rotation": {"angle": 0, "axis": "y", "origin": [9, 0, 6]},
			"faces": {
				"north": {"uv": [0, 0, 3, 4], "texture": "#0"},
				"east": {"uv": [3, 0, 6, 4], "texture": "#0"},
				"south": {"uv": [0, 4, 3, 8], "texture": "#0"},
				"west": {"uv": [3, 4, 6, 8], "texture": "#0"},
				"up": {"uv": [9, 9, 6, 6], "texture": "#0"},
				"down": {"uv": [3, 8, 0, 11], "texture": "#0"}
			}
		},
		{
			"from": [5, 8, 9],
			"to": [11, 14, 9],
			"rotation": {"angle": -22.5, "axis": "y", "origin": [8, 8, 9]},
			"faces": {
				"north": {"uv": [6, 0, 9, 3], "texture": "#0"},
				"east": {"uv": [0, 0, 0, 3], "texture": "#0"},
				"south": {"uv": [9, 0, 6, 3], "texture": "#0"},
				"west": {"uv": [0, 0, 0, 3], "texture": "#0"},
				"up": {"uv": [3, 0, 0, 0], "texture": "#0"},
				"down": {"uv": [3, 0, 0, 0], "texture": "#0"}
			}
		}
	],
	"gui_light": "front",
	"display": {
		"thirdperson_righthand": {
			"translation": [0, 3.5, 0],
			"scale": [0.66602, 0.66602, 0.66602]
		},
		"thirdperson_lefthand": {
			"translation": [0, 3.5, 0],
			"scale": [0.66602, 0.66602, 0.66602]
		},
		"firstperson_righthand": {
			"rotation": [0.75, 0, 6],
			"translation": [-1.5, 5.5, 1.75],
			"scale": [0.66602, 0.66602, 0.66602]
		},
		"firstperson_lefthand": {
			"rotation": [0.75, 0, 6],
			"translation": [-1.5, 5.5, 1.75],
			"scale": [0.66602, 0.66602, 0.66602]
		},
		"ground": {
			"translation": [0, 4.75, 0]
		},
		"gui": {
			"rotation": [0, 0, -22.5],
			"translation": [0.75, 1.5, 0],
			"scale": [1.09766, 1.09766, 1.09766]
		},
		"head": {
			"translation": [0, 12.25, -1],
			"scale": [2.45508, 2.45508, 2.45508]
		}
	}
}