{
	"format_version": "1.21.6",
	"credit": "Made with Blockbench",
	"textures": {
		"0": "item/black_hole",
		"particle": "item/black_hole"
	},
	"elements": [
		{
			"from": [3.5, 10, 3.5],
			"to": [11.5, 18, 11.5],
			"rotation": {"angle": 0, "axis": "y", "origin": [6.5, 18, 7.5]},
			"faces": {
				"north": {"uv": [0, 10, 2, 12], "texture": "#0"},
				"east": {"uv": [10, 0, 12, 2], "texture": "#0"},
				"south": {"uv": [2, 10, 4, 12], "texture": "#0"},
				"west": {"uv": [10, 2, 12, 4], "texture": "#0"},
				"up": {"uv": [6, 12, 4, 10], "texture": "#0"},
				"down": {"uv": [12, 4, 10, 6], "texture": "#0"}
			}
		},
		{
			"from": [-2.5, 14.25, -2.5],
			"to": [17.5, 14.25, 17.5],
			"rotation": {"angle": 0, "axis": "y", "origin": [-2.5, 12.25, -2.5]},
			"faces": {
				"north": {"uv": [0, 0, 5, 0], "texture": "#0"},
				"east": {"uv": [0, 0, 5, 0], "texture": "#0"},
				"south": {"uv": [0, 0, 5, 0], "texture": "#0"},
				"west": {"uv": [0, 0, 5, 0], "texture": "#0"},
				"up": {"uv": [10, 5, 5, 0], "texture": "#0"},
				"down": {"uv": [10, 0, 5, 5], "texture": "#0"}
			}
		},
		{
			"from": [-2.5, 13.75, -2.5],
			"to": [17.5, 13.75, 17.5],
			"rotation": {"angle": -45, "axis": "y", "origin": [7.5, 11.75, 7.5]},
			"faces": {
				"north": {"uv": [0, 0, 5, 0], "texture": "#0"},
				"east": {"uv": [0, 0, 5, 0], "texture": "#0"},
				"south": {"uv": [0, 0, 5, 0], "texture": "#0"},
				"west": {"uv": [0, 0, 5, 0], "texture": "#0"},
				"up": {"uv": [5, 5, 0, 0], "texture": "#0"},
				"down": {"uv": [5, 0, 0, 5], "texture": "#0"}
			}
		}
	],
	"display": {
		"thirdperson_righthand": {
			"rotation": [4.39, -45, 0],
			"translation": [-0.75, -0.75, 0],
			"scale": [0.7, 0.7, 0.7]
		},
		"thirdperson_lefthand": {
			"rotation": [4.39, -45, 0],
			"translation": [-0.75, -0.75, 0],
			"scale": [0.7, 0.7, 0.7]
		},
		"firstperson_righthand": {
			"rotation": [-6.45, 2.59, 16.15],
			"translation": [-2, 1.5, 4],
			"scale": [0.7, 0.7, 0.7]
		},
		"firstperson_lefthand": {
			"rotation": [-6.45, 2.59, 16.15],
			"translation": [-2, 1.5, 4],
			"scale": [0.7, 0.7, 0.7]
		},
		"gui": {
			"rotation": [36.41, 28.52, -14.44],
			"translation": [-0.25, -3.75, 0],
			"scale": [0.7, 0.7, 0.7]
		},
		"head": {
			"rotation": [90, 0, 0],
			"translation": [0, 0.25, -6.25],
			"scale": [1.2, 1, 1.2]
		}
	}
}