{
	"credit": "Made with Blockbench",
	"texture_size": [8, 8],
	"textures": {
		"0": "item/c4/c4body",
		"1": "item/c4/c4plastic",
		"2": "item/c4/c4numberthingy",
		"3": "item/c4/c4displayer",
		"5": "item/c4/c4bluewire",
		"6": "item/c4/c4greenwire",
		"7": "item/c4/c4redwire",
		"8": "item/c4/c4clicker",
		"9": "item/c4/c4antenna",
		"particle": "item/c4/c4body"
	},
	"elements": [
		{
			"from": [5, 0, 7],
			"to": [11, 10, 9],
			"faces": {
				"north": {"uv": [0, 0, 3, 5], "texture": "#0"},
				"east": {"uv": [0, 5, 1, 10], "texture": "#0"},
				"south": {"uv": [3, 0, 6, 5], "texture": "#0"},
				"west": {"uv": [1, 5, 2, 10], "texture": "#0"},
				"up": {"uv": [5, 6, 2, 5], "texture": "#0"},
				"down": {"uv": [8, 5, 5, 6], "texture": "#0"}
			}
		},
		{
			"from": [7, 2.75, 6.5],
			"to": [10, 6.25, 7],
			"faces": {
				"north": {"uv": [0, 0, 6, 7], "texture": "#2"},
				"east": {"uv": [0, 8, 1, 15], "texture": "#2"},
				"south": {"uv": [6, 0, 12, 7], "texture": "#2"},
				"west": {"uv": [2, 8, 3, 15], "texture": "#2"},
				"up": {"uv": [10, 9, 4, 8], "texture": "#2"},
				"down": {"uv": [10, 10, 4, 11], "texture": "#2"}
			}
		},
		{
			"from": [4.5, 8.25, 7.5],
			"to": [5, 10.25, 8.5],
			"rotation": {"angle": 0, "axis": "y", "origin": [3.5, 4.5, 6.75]},
			"faces": {
				"north": {"uv": [0, 4, 1, 8], "texture": "#8"},
				"east": {"uv": [0, 0, 2, 4], "texture": "#8"},
				"south": {"uv": [4, 0, 5, 4], "texture": "#8"},
				"west": {"uv": [2, 0, 4, 4], "texture": "#8"},
				"up": {"uv": [3, 6, 2, 4], "texture": "#8"},
				"down": {"uv": [5, 4, 4, 6], "texture": "#8"}
			}
		},
		{
			"from": [4.75, 10.25, 8.325],
			"to": [4.85, 11.5, 8.425],
			"rotation": {"angle": 0, "axis": "y", "origin": [3.5, 4.5, 6.75]},
			"faces": {
				"north": {"uv": [0, 0, 1, 3], "texture": "#9"},
				"east": {"uv": [2, 0, 3, 3], "texture": "#9"},
				"south": {"uv": [0, 4, 1, 7], "texture": "#9"},
				"west": {"uv": [4, 0, 5, 3], "texture": "#9"},
				"up": {"uv": [3, 5, 2, 4], "texture": "#9"},
				"down": {"uv": [5, 4, 4, 5], "texture": "#9"}
			}
		},
		{
			"from": [4.725, 11.375, 8.3],
			"to": [4.875, 11.625, 8.45],
			"rotation": {"angle": 0, "axis": "y", "origin": [3.5, 4.5, 6.75]},
			"faces": {
				"north": {"uv": [0, 0, 1, 3], "texture": "#9"},
				"east": {"uv": [2, 0, 3, 3], "texture": "#9"},
				"south": {"uv": [0, 4, 1, 7], "texture": "#9"},
				"west": {"uv": [4, 0, 5, 3], "texture": "#9"},
				"up": {"uv": [3, 5, 2, 4], "texture": "#9"},
				"down": {"uv": [5, 4, 4, 5], "texture": "#9"}
			}
		},
		{
			"from": [6, 8.25, 6.75],
			"to": [10, 9.25, 7],
			"faces": {
				"north": {"uv": [0, 0, 8, 2], "texture": "#3"},
				"east": {"uv": [0, 8, 0.5, 10], "texture": "#3"},
				"south": {"uv": [0, 2, 8, 4], "texture": "#3"},
				"west": {"uv": [8, 0, 8.5, 2], "texture": "#3"},
				"up": {"uv": [8, 4.5, 0, 4], "texture": "#3"},
				"down": {"uv": [8, 6, 0, 6.5], "texture": "#3"}
			}
		},
		{
			"from": [8.95, 6.25, 6.825],
			"to": [9.05, 8.25, 6.975],
			"faces": {
				"north": {"uv": [0, 0, 1, 2], "texture": "#6"},
				"east": {"uv": [1, 0, 2, 2], "texture": "#6"},
				"south": {"uv": [0, 2, 1, 4], "texture": "#6"},
				"west": {"uv": [2, 0, 3, 2], "texture": "#6"},
				"up": {"uv": [2, 3, 1, 2], "texture": "#6"},
				"down": {"uv": [3, 2, 2, 3], "texture": "#6"}
			}
		},
		{
			"from": [7.45, 6.25, 6.825],
			"to": [7.55, 8.25, 6.975],
			"faces": {
				"north": {"uv": [0, 0, 1, 2], "texture": "#7"},
				"east": {"uv": [1, 0, 2, 2], "texture": "#7"},
				"south": {"uv": [0, 2, 1, 4], "texture": "#7"},
				"west": {"uv": [2, 0, 3, 2], "texture": "#7"},
				"up": {"uv": [2, 3, 1, 2], "texture": "#7"},
				"down": {"uv": [3, 2, 2, 3], "texture": "#7"}
			}
		},
		{
			"from": [4.95, 9.125, 8.825],
			"to": [5.05, 10.25, 8.975],
			"rotation": {"angle": -45, "axis": "x", "origin": [4.75, 9.25, 8.9]},
			"faces": {
				"north": {"uv": [0, 0, 1, 2], "texture": "#7"},
				"east": {"uv": [1, 0, 2, 2], "texture": "#7"},
				"south": {"uv": [0, 2, 1, 4], "texture": "#7"},
				"west": {"uv": [2, 0, 3, 2], "texture": "#7"},
				"up": {"uv": [2, 3, 1, 2], "texture": "#7"},
				"down": {"uv": [3, 2, 2, 3], "texture": "#7"}
			}
		},
		{
			"from": [10.95, 8.43436, 6.47814],
			"to": [11.05, 8.58436, 8.60314],
			"rotation": {"angle": -22.5, "axis": "x", "origin": [11, 9.55936, 8.59064]},
			"faces": {
				"north": {"uv": [2, 3, 1, 2], "rotation": 180, "texture": "#7"},
				"east": {"uv": [1, 0, 2, 2], "rotation": 90, "texture": "#7"},
				"south": {"uv": [3, 2, 2, 3], "texture": "#7"},
				"west": {"uv": [2, 0, 3, 2], "rotation": 270, "texture": "#7"},
				"up": {"uv": [0, 2, 1, 4], "texture": "#7"},
				"down": {"uv": [0, 0, 1, 2], "rotation": 180, "texture": "#7"}
			}
		},
		{
			"from": [4.6, 9.01434, 8.96066],
			"to": [6.1, 9.16434, 9.06066],
			"rotation": {"angle": -22.5, "axis": "z", "origin": [5, 8.18934, 9.96066]},
			"faces": {
				"north": {"uv": [1, 0, 2, 2], "rotation": 90, "texture": "#7"},
				"east": {"uv": [3, 2, 2, 3], "texture": "#7"},
				"south": {"uv": [2, 0, 3, 2], "rotation": 270, "texture": "#7"},
				"west": {"uv": [2, 3, 1, 2], "rotation": 180, "texture": "#7"},
				"up": {"uv": [0, 2, 1, 4], "rotation": 270, "texture": "#7"},
				"down": {"uv": [0, 0, 1, 2], "rotation": 270, "texture": "#7"}
			}
		},
		{
			"from": [6.26553, 8.52153, 8.96066],
			"to": [11.04053, 8.67153, 9.06066],
			"rotation": {"angle": 0, "axis": "z", "origin": [7.51553, 8.12153, 9.01066]},
			"faces": {
				"north": {"uv": [1, 0, 2, 2], "rotation": 90, "texture": "#7"},
				"east": {"uv": [3, 2, 2, 3], "texture": "#7"},
				"south": {"uv": [2, 0, 3, 2], "rotation": 270, "texture": "#7"},
				"west": {"uv": [2, 3, 1, 2], "rotation": 180, "texture": "#7"},
				"up": {"uv": [0, 2, 1, 4], "rotation": 270, "texture": "#7"},
				"down": {"uv": [0, 0, 1, 2], "rotation": 270, "texture": "#7"}
			}
		},
		{
			"from": [9.51553, 7.77153, 6.96066],
			"to": [10.79053, 7.92153, 7.06066],
			"rotation": {"angle": -45, "axis": "z", "origin": [10.52803, 7.84653, 7.01066]},
			"faces": {
				"north": {"uv": [1, 0, 2, 2], "rotation": 90, "texture": "#7"},
				"east": {"uv": [3, 2, 2, 3], "texture": "#7"},
				"south": {"uv": [2, 0, 3, 2], "rotation": 270, "texture": "#7"},
				"west": {"uv": [2, 3, 1, 2], "rotation": 180, "texture": "#7"},
				"up": {"uv": [0, 2, 1, 4], "rotation": 270, "texture": "#7"},
				"down": {"uv": [0, 0, 1, 2], "rotation": 270, "texture": "#7"}
			}
		},
		{
			"from": [7.7, 6.25, 6.825],
			"to": [7.8, 8.25, 6.975],
			"faces": {
				"north": {"uv": [0, 0, 1, 2], "texture": "#5"},
				"east": {"uv": [1, 0, 2, 2], "texture": "#5"},
				"south": {"uv": [0, 2, 1, 4], "texture": "#5"},
				"west": {"uv": [2, 0, 3, 2], "texture": "#5"},
				"up": {"uv": [2, 3, 1, 2], "texture": "#5"},
				"down": {"uv": [3, 2, 2, 3], "texture": "#5"}
			}
		},
		{
			"from": [4.925, 0.5, 6.925],
			"to": [11.075, 1.5, 9.075],
			"faces": {
				"north": {"uv": [0, 0, 6.15, 1], "texture": "#1"},
				"east": {"uv": [0, 0, 6.15, 1], "texture": "#1"},
				"south": {"uv": [0, 0, 6.15, 1], "texture": "#1"},
				"west": {"uv": [0, 0, 6.15, 1], "texture": "#1"},
				"up": {"uv": [0, 0, 6.15, 1], "texture": "#1"},
				"down": {"uv": [0, 0, 6.15, 1], "texture": "#1"}
			}
		},
		{
			"from": [4.925, 7, 6.925],
			"to": [11.075, 8, 9.075],
			"faces": {
				"north": {"uv": [0, 4, 6, 5], "texture": "#1"},
				"east": {"uv": [0, 6, 2, 7], "texture": "#1"},
				"south": {"uv": [0, 5, 6, 6], "texture": "#1"},
				"west": {"uv": [6, 0, 8, 1], "texture": "#1"},
				"up": {"uv": [6, 2, 0, 0], "texture": "#1"},
				"down": {"uv": [6, 2, 0, 4], "texture": "#1"}
			}
		}
	],
	"display": {
		"thirdperson_righthand": {
			"scale": [0.6, 0.6, 0.6]
		},
		"thirdperson_lefthand": {
			"scale": [0.6, 0.6, 0.6]
		},
		"firstperson_righthand": {
			"rotation": [-180, 51, -180],
			"translation": [0, 6.5, 0.5]
		},
		"firstperson_lefthand": {
			"rotation": [-180, 51, -180],
			"translation": [0, 6.5, 0.5]
		},
		"ground": {
			"translation": [0, 3.75, 0],
			"scale": [0.6, 0.6, 0.6]
		},
		"gui": {
			"rotation": [180, 21, 180],
			"translation": [0, 2.75, 0]
		},
		"fixed": {
			"translation": [0, 2.75, 0]
		}
	}
}