{
	"credit": "Made with Blockbench",
	"texture_size": [8, 8],
	"textures": {
		"0": "item/c4activator/activatorbody",
		"1": "item/c4activator/activatorantenna",
		"particle": "item/c4activator/activatorbody"
	},
	"elements": [
		{
			"from": [5.5, 0, 7],
			"to": [10.5, 8.75, 9],
			"faces": {
				"north": {"uv": [0, 0, 2.5, 4.5], "texture": "#0"},
				"east": {"uv": [0, 4.5, 1, 9], "texture": "#0"},
				"south": {"uv": [2.5, 0, 5, 4.5], "texture": "#0"},
				"west": {"uv": [1, 4.5, 2, 9], "texture": "#0"},
				"up": {"uv": [4.5, 5.5, 2, 4.5], "texture": "#0"},
				"down": {"uv": [7, 4.5, 4.5, 5.5], "texture": "#0"}
			}
		},
		{
			"from": [6.225, 8.5, 7.975],
			"to": [6.375, 11.75, 8.125],
			"faces": {
				"north": {"uv": [0, 0, 1, 7], "texture": "#1"},
				"east": {"uv": [2, 0, 3, 7], "texture": "#1"},
				"south": {"uv": [4, 0, 5, 7], "texture": "#1"},
				"west": {"uv": [6, 0, 7, 7], "texture": "#1"},
				"up": {"uv": [1, 9, 0, 8], "texture": "#1"},
				"down": {"uv": [9, 0, 8, 1], "texture": "#1"}
			}
		}
	],
	"display": {
		"thirdperson_righthand": {
			"rotation": [-161.97, 0.21, -179.85],
			"translation": [0, 4, 2.25],
			"scale": [0.5, 0.5, 0.5]
		},
		"thirdperson_lefthand": {
			"rotation": [-161.97, 0.21, -179.85],
			"translation": [0, 4, 2.25],
			"scale": [0.5, 0.5, 0.5]
		},
		"firstperson_righthand": {
			"rotation": [180, 30.25, 180],
			"translation": [0, 7.25, 0]
		},
		"firstperson_lefthand": {
			"rotation": [180, 30.25, 180],
			"translation": [0, 7.25, 0]
		},
		"gui": {
			"rotation": [180, -2, 180],
			"translation": [0, 2.5, 0]
		},
		"fixed": {
			"translation": [0, 2.5, 0]
		}
	}
}