{
	"format_version": "1.21.6",
	"credit": "Made with Blockbench",
	"texture_size": [64, 64],
	"textures": {
		"0": "item/colt_m1911",
		"particle": "item/colt_m1911"
	},
	"elements": [
		{
			"from": [7.475, 9.67349, 7.79146],
			"to": [7.725, 10.04849, 8.46646],
			"rotation": {"angle": 0, "axis": "y", "origin": [8, 10.76099, -7.99604]},
			"faces": {
				"north": {"uv": [6.5, 7.75, 6.75, 8], "texture": "#0"},
				"east": {"uv": [6.75, 7.75, 7, 8], "texture": "#0"},
				"south": {"uv": [7, 7.75, 7.25, 8], "texture": "#0"},
				"west": {"uv": [7.25, 7.75, 7.5, 8], "texture": "#0"},
				"up": {"uv": [8, 7.75, 7.75, 7.5], "texture": "#0"},
				"down": {"uv": [8, 7.75, 7.75, 8], "texture": "#0"}
			}
		},
		{
			"from": [7.525, 9.82349, 8.31646],
			"to": [7.675, 9.97349, 8.49146],
			"rotation": {"angle": 0, "axis": "y", "origin": [8.05, 10.91099, -6.97104]},
			"faces": {
				"north": {"uv": [10, 8.25, 10.5, 8.5], "texture": "#0"},
				"east": {"uv": [10, 8.25, 10.5, 8.5], "texture": "#0"},
				"south": {"uv": [10, 8.25, 10.5, 8.5], "texture": "#0"},
				"west": {"uv": [10, 8.25, 10.5, 8.5], "texture": "#0"},
				"up": {"uv": [10, 8.25, 10.5, 8.5], "texture": "#0"},
				"down": {"uv": [10, 8.25, 10.5, 8.5], "texture": "#0"}
			}
		},
		{
			"from": [8.325, 9.82349, 8.31646],
			"to": [8.475, 9.97349, 8.49146],
			"rotation": {"angle": 0, "axis": "y", "origin": [8.85, 10.91099, -6.97104]},
			"faces": {
				"north": {"uv": [10, 8.25, 10.25, 8.5], "texture": "#0"},
				"east": {"uv": [10, 8.25, 10.25, 8.5], "texture": "#0"},
				"south": {"uv": [10, 8.25, 10.25, 8.5], "texture": "#0"},
				"west": {"uv": [10, 8.25, 10.25, 8.5], "texture": "#0"},
				"up": {"uv": [10, 8.25, 10.25, 8.5], "texture": "#0"},
				"down": {"uv": [10, 8.25, 10.25, 8.5], "texture": "#0"}
			}
		},
		{
			"from": [7.725, 9.67349, 7.79146],
			"to": [8.275, 9.89849, 8.46646],
			"rotation": {"angle": 0, "axis": "y", "origin": [8.25, 10.76099, -7.99604]},
			"faces": {
				"north": {"uv": [6.5, 7.75, 6.75, 8], "texture": "#0"},
				"east": {"uv": [6.75, 7.75, 7, 8], "texture": "#0"},
				"south": {"uv": [7, 7.75, 7.25, 8], "texture": "#0"},
				"west": {"uv": [7.25, 7.75, 7.5, 8], "texture": "#0"},
				"up": {"uv": [8, 7.75, 7.75, 7.5], "texture": "#0"},
				"down": {"uv": [8, 7.75, 7.75, 8], "texture": "#0"}
			}
		},
		{
			"from": [7.22795, 8.91346, -2.48354],
			"to": [8.67795, 9.48846, 3.96646],
			"rotation": {"angle": 0, "axis": "y", "origin": [8.20295, 10.11346, 8.10396]},
			"faces": {
				"north": {"uv": [0, 8, 0.25, 8.25], "texture": "#0"},
				"east": {"uv": [6, 3, 7.5, 3.25], "texture": "#0"},
				"south": {"uv": [8, 0, 8.25, 0.25], "texture": "#0"},
				"west": {"uv": [6, 3.25, 7.5, 3.5], "texture": "#0"},
				"up": {"uv": [2.25, 7.5, 2, 6], "texture": "#0"},
				"down": {"uv": [2.5, 6, 2.25, 7.5], "texture": "#0"}
			}
		},
		{
			"from": [8.975, -1.25, 6.775],
			"to": [9.125, 5.75, 9.225],
			"rotation": {"angle": -22.5, "axis": "x", "origin": [8, -0.75, 8]},
			"faces": {
				"north": {"uv": [3.5, 5.5, 3.75, 7.25], "texture": "#0"},
				"east": {"uv": [3.5, 2, 4, 3.75], "texture": "#0"},
				"south": {"uv": [3.75, 5.5, 4, 7.25], "texture": "#0"},
				"west": {"uv": [3.5, 3.75, 4, 5.5], "texture": "#0"},
				"up": {"uv": [6.75, 6, 6.5, 5.5], "texture": "#0"},
				"down": {"uv": [0.25, 7.5, 0, 8], "texture": "#0"}
			}
		},
		{
			"from": [6.85, -1.25, 6.775],
			"to": [7, 5.75, 9.225],
			"rotation": {"angle": -22.5, "axis": "x", "origin": [8, -0.75, 8]},
			"faces": {
				"north": {"uv": [4, 5.5, 4.25, 7.25], "texture": "#0"},
				"east": {"uv": [4, 2, 4.5, 3.75], "texture": "#0"},
				"south": {"uv": [4.25, 5.5, 4.5, 7.25], "texture": "#0"},
				"west": {"uv": [4, 3.75, 4.5, 5.5], "texture": "#0"},
				"up": {"uv": [7.75, 0.5, 7.5, 0], "texture": "#0"},
				"down": {"uv": [0.5, 7.5, 0.25, 8], "texture": "#0"}
			}
		},
		{
			"from": [6.825, 7.47349, -8.00854],
			"to": [9.175, 8.92349, 8.99146],
			"rotation": {"angle": 0, "axis": "y", "origin": [8, 10.79849, 3.21646]},
			"faces": {
				"north": {"uv": [0.5, 7.5, 1, 7.75], "texture": "#0"},
				"east": {"uv": [3.5, 1, 7.75, 1.25], "texture": "#0"},
				"south": {"uv": [7.5, 0.5, 8, 0.75], "texture": "#0"},
				"west": {"uv": [3.5, 1.25, 7.75, 1.5], "texture": "#0"},
				"up": {"uv": [2.5, 4.25, 2, 0], "texture": "#0"},
				"down": {"uv": [0.5, 2.25, 0, 6.5], "texture": "#0"}
			}
		},
		{
			"from": [6.975, 5.79849, 8.96646],
			"to": [9.025, 6.79849, 9.74146],
			"rotation": {"angle": 0, "axis": "y", "origin": [8, 10.79849, 3.21646]},
			"faces": {
				"north": {"uv": [7.5, 0.75, 8, 1], "texture": "#0"},
				"east": {"uv": [0.25, 8, 0.5, 8.25], "texture": "#0"},
				"south": {"uv": [2, 7.5, 2.5, 7.75], "texture": "#0"},
				"west": {"uv": [8, 0.25, 8.25, 0.5], "texture": "#0"},
				"up": {"uv": [8, 2.25, 7.5, 2], "texture": "#0"},
				"down": {"uv": [8, 2.25, 7.5, 2.5], "texture": "#0"}
			}
		},
		{
			"from": [7.25, 6.04849, -8.00854],
			"to": [8.75, 7.47349, -3.98354],
			"rotation": {"angle": 0, "axis": "y", "origin": [8, 10.79849, 3.21646]},
			"faces": {
				"north": {"uv": [2.5, 7.5, 3, 7.75], "texture": "#0"},
				"east": {"uv": [6, 6.75, 7, 7], "texture": "#0"},
				"south": {"uv": [7.5, 3, 8, 3.25], "texture": "#0"},
				"west": {"uv": [7, 5.5, 8, 5.75], "texture": "#0"},
				"up": {"uv": [5.75, 4.75, 5.25, 3.75], "texture": "#0"},
				"down": {"uv": [5.75, 4.75, 5.25, 5.75], "texture": "#0"}
			}
		},
		{
			"from": [7.95, 8.52349, -7.98354],
			"to": [8.775, 9.42349, -1.03354],
			"rotation": {"angle": 22.5, "axis": "z", "origin": [8, 9.62349, -1.88354]},
			"faces": {
				"north": {"uv": [8, 0.5, 8.25, 0.75], "texture": "#0"},
				"east": {"uv": [5.75, 0, 7.5, 0.25], "texture": "#0"},
				"south": {"uv": [8, 0.75, 8.25, 1], "texture": "#0"},
				"west": {"uv": [5.75, 0.25, 7.5, 0.5], "texture": "#0"},
				"up": {"uv": [6, 4.25, 5.75, 2.5], "texture": "#0"},
				"down": {"uv": [6, 4.25, 5.75, 6], "texture": "#0"}
			}
		},
		{
			"from": [7.2, 8.52349, -7.98354],
			"to": [8.025, 9.42349, -1.23354],
			"rotation": {"angle": -22.5, "axis": "z", "origin": [8, 9.62349, -1.88354]},
			"faces": {
				"north": {"uv": [1.5, 8, 1.75, 8.25], "texture": "#0"},
				"east": {"uv": [5.75, 0.5, 7.5, 0.75], "texture": "#0"},
				"south": {"uv": [1.75, 8, 2, 8.25], "texture": "#0"},
				"west": {"uv": [5.75, 0.75, 7.5, 1], "texture": "#0"},
				"up": {"uv": [5.5, 7.5, 5.25, 5.75], "texture": "#0"},
				"down": {"uv": [5.75, 5.75, 5.5, 7.5], "texture": "#0"}
			}
		},
		{
			"from": [7.22795, 8.91346, -7.98354],
			"to": [8.75295, 9.73846, -1.03354],
			"rotation": {"angle": 0, "axis": "y", "origin": [8.20295, 10.11346, -1.89604]},
			"faces": {
				"north": {"uv": [7.5, 3.25, 8, 3.5], "texture": "#0"},
				"east": {"uv": [6, 2.5, 7.75, 2.75], "texture": "#0"},
				"south": {"uv": [7.5, 3.5, 8, 3.75], "texture": "#0"},
				"west": {"uv": [6, 2.75, 7.75, 3], "texture": "#0"},
				"up": {"uv": [2.5, 6, 2, 4.25], "texture": "#0"},
				"down": {"uv": [3, 4.25, 2.5, 6], "texture": "#0"}
			}
		},
		{
			"from": [7.95, 8.52349, 2.51646],
			"to": [8.775, 9.42349, 8.96646],
			"rotation": {"angle": 22.5, "axis": "z", "origin": [8, 9.62349, 8.11646]},
			"faces": {
				"north": {"uv": [8, 2, 8.25, 2.25], "texture": "#0"},
				"east": {"uv": [6, 3.5, 7.5, 3.75], "texture": "#0"},
				"south": {"uv": [8, 2.25, 8.25, 2.5], "texture": "#0"},
				"west": {"uv": [6, 3.75, 7.5, 4], "texture": "#0"},
				"up": {"uv": [2.75, 7.5, 2.5, 6], "texture": "#0"},
				"down": {"uv": [3, 6, 2.75, 7.5], "texture": "#0"}
			}
		},
		{
			"from": [7.22795, 8.91346, -1.03354],
			"to": [7.62795, 9.73846, 2.54146],
			"rotation": {"angle": 0, "axis": "y", "origin": [8.20295, 10.11346, 8.10396]},
			"faces": {
				"north": {"uv": [8, 2.5, 8.25, 2.75], "texture": "#0"},
				"east": {"uv": [7, 5.75, 8, 6], "texture": "#0"},
				"south": {"uv": [8, 2.75, 8.25, 3], "texture": "#0"},
				"west": {"uv": [6, 7, 7, 7.25], "texture": "#0"},
				"up": {"uv": [5, 8, 4.75, 7], "texture": "#0"},
				"down": {"uv": [5.25, 7, 5, 8], "texture": "#0"}
			}
		},
		{
			"from": [7.22795, 8.91346, 2.51646],
			"to": [8.75295, 9.73846, 8.99146],
			"rotation": {"angle": 0, "axis": "y", "origin": [8.20295, 10.11346, 8.10396]},
			"faces": {
				"north": {"uv": [7.5, 3.75, 8, 4], "texture": "#0"},
				"east": {"uv": [6, 4, 7.5, 4.25], "texture": "#0"},
				"south": {"uv": [7.5, 4, 8, 4.25], "texture": "#0"},
				"west": {"uv": [6, 4.25, 7.5, 4.5], "texture": "#0"},
				"up": {"uv": [5, 3.5, 4.5, 2], "texture": "#0"},
				"down": {"uv": [5, 3.5, 4.5, 5], "texture": "#0"}
			}
		},
		{
			"from": [7.2, 8.52349, -1.23354],
			"to": [7.6, 9.42349, 8.96646],
			"rotation": {"angle": -22.5, "axis": "z", "origin": [8, 9.62349, 8.11646]},
			"faces": {
				"north": {"uv": [3, 8, 3.25, 8.25], "texture": "#0"},
				"east": {"uv": [5, 2, 7.5, 2.25], "texture": "#0"},
				"south": {"uv": [8, 3, 8.25, 3.25], "texture": "#0"},
				"west": {"uv": [5, 2.25, 7.5, 2.5], "texture": "#0"},
				"up": {"uv": [5.25, 5, 5, 2.5], "texture": "#0"},
				"down": {"uv": [4.75, 5, 4.5, 7.5], "texture": "#0"}
			}
		},
		{
			"from": [6.975, 5.79849, -4.28354],
			"to": [9.025, 7.47349, 8.99146],
			"rotation": {"angle": 0, "axis": "y", "origin": [8, 10.79849, 3.21646]},
			"faces": {
				"north": {"uv": [7, 6, 7.5, 6.5], "texture": "#0"},
				"east": {"uv": [2.5, 0, 5.75, 0.5], "texture": "#0"},
				"south": {"uv": [7, 6.5, 7.5, 7], "texture": "#0"},
				"west": {"uv": [2.5, 0.5, 5.75, 1], "texture": "#0"},
				"up": {"uv": [2, 5.5, 1.5, 2.25], "texture": "#0"},
				"down": {"uv": [3, 1, 2.5, 4.25], "texture": "#0"}
			}
		},
		{
			"from": [7.025, 1.27968, 7.30389],
			"to": [8.975, 4.52968, 8.80389],
			"rotation": {"angle": 22.5, "axis": "x", "origin": [8, 4.77968, 12.20389]},
			"faces": {
				"north": {"uv": [6, 4.5, 6.5, 5.25], "texture": "#0"},
				"east": {"uv": [3.5, 7.25, 3.75, 8], "texture": "#0"},
				"south": {"uv": [6, 5.25, 6.5, 6], "texture": "#0"},
				"west": {"uv": [3.75, 7.25, 4, 8], "texture": "#0"},
				"up": {"uv": [8, 6.25, 7.5, 6], "texture": "#0"},
				"down": {"uv": [8, 6.25, 7.5, 6.5], "texture": "#0"}
			}
		},
		{
			"from": [7.2, -1.5, 9.975],
			"to": [8.8, 3.125, 10.2],
			"rotation": {"angle": -22.5, "axis": "x", "origin": [8, -0.75, 8]},
			"faces": {
				"north": {"uv": [4.75, 5, 5.25, 6.25], "texture": "#0"},
				"east": {"uv": [6.75, 5.5, 7, 6.75], "texture": "#0"},
				"south": {"uv": [5.25, 2.5, 5.75, 3.75], "texture": "#0"},
				"west": {"uv": [5.75, 6.75, 6, 8], "texture": "#0"},
				"up": {"uv": [7, 7.75, 6.5, 7.5], "texture": "#0"},
				"down": {"uv": [8, 6.5, 7.5, 6.75], "texture": "#0"}
			}
		},
		{
			"from": [7.025, 3.59516, 3.24121],
			"to": [8.95, 6.34516, 4.64121],
			"rotation": {"angle": -22.5, "axis": "x", "origin": [8, 4.19516, 2.01621]},
			"faces": {
				"north": {"uv": [5.75, 6, 6.25, 6.75], "texture": "#0"},
				"east": {"uv": [4, 7.25, 4.25, 8], "texture": "#0"},
				"south": {"uv": [4.75, 6.25, 5.25, 7], "texture": "#0"},
				"west": {"uv": [4.25, 7.25, 4.5, 8], "texture": "#0"},
				"up": {"uv": [8, 7, 7.5, 6.75], "texture": "#0"},
				"down": {"uv": [7.5, 7.5, 7, 7.75], "texture": "#0"}
			}
		},
		{
			"from": [7.575, 3.70541, -0.59404],
			"to": [8.425, 5.95541, 0.05596],
			"rotation": {"angle": 0, "axis": "y", "origin": [8, 4.08041, -0.26904]},
			"faces": {
				"north": {"uv": [4.5, 7.5, 4.75, 8], "texture": "#0"},
				"east": {"uv": [7.5, 7.5, 7.75, 8], "texture": "#0"},
				"south": {"uv": [7.75, 0, 8, 0.5], "texture": "#0"},
				"west": {"uv": [0.5, 7.75, 0.75, 8.25], "texture": "#0"},
				"up": {"uv": [3.5, 8.25, 3.25, 8], "texture": "#0"},
				"down": {"uv": [8.25, 3.25, 8, 3.5], "texture": "#0"}
			}
		},
		{
			"from": [7.55, 3.10833, -0.47527],
			"to": [8.45, 3.85833, 0.17473],
			"rotation": {"angle": -22.5, "axis": "x", "origin": [8, 3.48333, -0.15027]},
			"faces": {
				"north": {"uv": [3.5, 8, 3.75, 8.25], "texture": "#0"},
				"east": {"uv": [8, 3.5, 8.25, 3.75], "texture": "#0"},
				"south": {"uv": [3.75, 8, 4, 8.25], "texture": "#0"},
				"west": {"uv": [8, 3.75, 8.25, 4], "texture": "#0"},
				"up": {"uv": [4.25, 8.25, 4, 8], "texture": "#0"},
				"down": {"uv": [8.25, 4, 8, 4.25], "texture": "#0"}
			}
		},
		{
			"from": [7.575, 2.65215, -0.18705],
			"to": [8.425, 3.30215, 0.56295],
			"rotation": {"angle": 45, "axis": "x", "origin": [8, 2.97715, 0.18795]},
			"faces": {
				"north": {"uv": [4.25, 8, 4.5, 8.25], "texture": "#0"},
				"east": {"uv": [8, 4.25, 8.25, 4.5], "texture": "#0"},
				"south": {"uv": [4.5, 8, 4.75, 8.25], "texture": "#0"},
				"west": {"uv": [8, 4.5, 8.25, 4.75], "texture": "#0"},
				"up": {"uv": [5, 8.25, 4.75, 8], "texture": "#0"},
				"down": {"uv": [8.25, 4.75, 8, 5], "texture": "#0"}
			}
		},
		{
			"from": [7.55, 2.88795, 0.43331],
			"to": [8.45, 3.53795, 1.18331],
			"rotation": {"angle": 22.5, "axis": "x", "origin": [8, 3.21295, -0.69169]},
			"faces": {
				"north": {"uv": [5, 8, 5.25, 8.25], "texture": "#0"},
				"east": {"uv": [8, 5, 8.25, 5.25], "texture": "#0"},
				"south": {"uv": [8, 5.25, 8.25, 5.5], "texture": "#0"},
				"west": {"uv": [8, 5.5, 8.25, 5.75], "texture": "#0"},
				"up": {"uv": [6, 8.25, 5.75, 8], "texture": "#0"},
				"down": {"uv": [8.25, 5.75, 8, 6], "texture": "#0"}
			}
		},
		{
			"from": [7.575, 2.19516, 0.91621],
			"to": [8.425, 2.84516, 4.66621],
			"rotation": {"angle": 0, "axis": "y", "origin": [8, 4.19516, -0.98379]},
			"faces": {
				"north": {"uv": [6, 8, 6.25, 8.25], "texture": "#0"},
				"east": {"uv": [7, 7, 8, 7.25], "texture": "#0"},
				"south": {"uv": [8, 6, 8.25, 6.25], "texture": "#0"},
				"west": {"uv": [0, 7.25, 1, 7.5], "texture": "#0"},
				"up": {"uv": [1.25, 8.25, 1, 7.25], "texture": "#0"},
				"down": {"uv": [1.5, 7.25, 1.25, 8.25], "texture": "#0"}
			}
		},
		{
			"from": [7.05, 2.82016, 3.39121],
			"to": [8.95, 5.57016, 4.64121],
			"rotation": {"angle": 0, "axis": "y", "origin": [8, 0.57016, 2.04121]},
			"faces": {
				"north": {"uv": [6.25, 6, 6.75, 6.75], "texture": "#0"},
				"east": {"uv": [6, 7.25, 6.25, 8], "texture": "#0"},
				"south": {"uv": [0, 6.5, 0.5, 7.25], "texture": "#0"},
				"west": {"uv": [6.25, 7.25, 6.5, 8], "texture": "#0"},
				"up": {"uv": [8.25, 1.25, 7.75, 1], "texture": "#0"},
				"down": {"uv": [8.25, 1.25, 7.75, 1.5], "texture": "#0"}
			}
		},
		{
			"from": [7.225, -2, 6.45],
			"to": [8.775, -1.75, 9.55],
			"rotation": {"angle": -22.5, "axis": "x", "origin": [8, -0.75, 8]},
			"faces": {
				"north": {"uv": [7.75, 1.5, 8.25, 1.75], "texture": "#0"},
				"east": {"uv": [6.5, 7.25, 7.25, 7.5], "texture": "#0"},
				"south": {"uv": [7.75, 1.75, 8.25, 2], "texture": "#0"},
				"west": {"uv": [7.25, 7.25, 8, 7.5], "texture": "#0"},
				"up": {"uv": [1, 7.25, 0.5, 6.5], "texture": "#0"},
				"down": {"uv": [1.5, 6.5, 1, 7.25], "texture": "#0"}
			}
		},
		{
			"from": [7, -1.75, 6],
			"to": [9, 7.25, 10],
			"rotation": {"angle": -22.5, "axis": "x", "origin": [8, -0.75, 8]},
			"faces": {
				"north": {"uv": [3, 1, 3.5, 3.25], "texture": "#0"},
				"east": {"uv": [0, 0, 1, 2.25], "texture": "#0"},
				"south": {"uv": [3, 3.25, 3.5, 5.5], "texture": "#0"},
				"west": {"uv": [1, 0, 2, 2.25], "texture": "#0"},
				"up": {"uv": [2, 6.5, 1.5, 5.5], "texture": "#0"},
				"down": {"uv": [3.5, 5.5, 3, 6.5], "texture": "#0"}
			}
		},
		{
			"from": [7.75, 6.54849, -8.13354],
			"to": [8.25, 6.97349, -7.85854],
			"rotation": {"angle": 0, "axis": "y", "origin": [8, 10.79849, 3.21646]},
			"faces": {
				"north": {"uv": [6.25, 8, 6.5, 8.25], "texture": "#0"},
				"east": {"uv": [8, 6.25, 8.25, 6.5], "texture": "#0"},
				"south": {"uv": [6.5, 8, 6.75, 8.25], "texture": "#0"},
				"west": {"uv": [8, 6.5, 8.25, 6.75], "texture": "#0"},
				"up": {"uv": [7, 8.25, 6.75, 8], "texture": "#0"},
				"down": {"uv": [8.25, 6.75, 8, 7], "texture": "#0"}
			}
		},
		{
			"from": [7.5, 8.29849, -8.13354],
			"to": [8.5, 9.22349, -7.85854],
			"rotation": {"angle": 0, "axis": "y", "origin": [8, 10.79849, 3.21646]},
			"faces": {
				"north": {"uv": [7, 8, 7.25, 8.25], "texture": "#0"},
				"east": {"uv": [8, 7, 8.25, 7.25], "texture": "#0"},
				"south": {"uv": [7.25, 8, 7.5, 8.25], "texture": "#0"},
				"west": {"uv": [8, 7.25, 8.25, 7.5], "texture": "#0"},
				"up": {"uv": [7.75, 8.25, 7.5, 8], "texture": "#0"},
				"down": {"uv": [8.25, 7.5, 8, 7.75], "texture": "#0"}
			}
		},
		{
			"from": [8.275, 9.67349, 7.79146],
			"to": [8.525, 10.04849, 8.46646],
			"rotation": {"angle": 0, "axis": "y", "origin": [8, 10.76099, -7.99604]},
			"faces": {
				"north": {"uv": [7.75, 8, 8, 8.25], "texture": "#0"},
				"east": {"uv": [8, 7.75, 8.25, 8], "texture": "#0"},
				"south": {"uv": [8, 8, 8.25, 8.25], "texture": "#0"},
				"west": {"uv": [0, 8.25, 0.25, 8.5], "texture": "#0"},
				"up": {"uv": [8.5, 0.25, 8.25, 0], "texture": "#0"},
				"down": {"uv": [0.5, 8.25, 0.25, 8.5], "texture": "#0"}
			}
		},
		{
			"from": [7.85, 9.67349, -7.45854],
			"to": [8.1, 10.04849, -6.03354],
			"rotation": {"angle": 0, "axis": "y", "origin": [8, 10.76099, -7.99604]},
			"faces": {
				"north": {"uv": [8.25, 0.25, 8.5, 0.5], "texture": "#0"},
				"east": {"uv": [0.5, 8.25, 0.75, 8.5], "texture": "#0"},
				"south": {"uv": [8.25, 0.5, 8.5, 0.75], "texture": "#0"},
				"west": {"uv": [0.75, 8.25, 1, 8.5], "texture": "#0"},
				"up": {"uv": [8.5, 1, 8.25, 0.75], "texture": "#0"},
				"down": {"uv": [1.25, 8.25, 1, 8.5], "texture": "#0"}
			}
		},
		{
			"from": [7.5, 9.19849, -8.15854],
			"to": [8.5, 9.37349, -7.85854],
			"rotation": {"angle": 0, "axis": "y", "origin": [8, 10.79849, 3.21646]},
			"faces": {
				"north": {"uv": [8.25, 1, 8.5, 1.25], "texture": "#0"},
				"east": {"uv": [1.25, 8.25, 1.5, 8.5], "texture": "#0"},
				"south": {"uv": [8.25, 1.25, 8.5, 1.5], "texture": "#0"},
				"west": {"uv": [1.5, 8.25, 1.75, 8.5], "texture": "#0"},
				"up": {"uv": [8.5, 1.75, 8.25, 1.5], "texture": "#0"},
				"down": {"uv": [2, 8.25, 1.75, 8.5], "texture": "#0"}
			}
		},
		{
			"from": [7.5, 8.14849, -8.15854],
			"to": [8.5, 8.32349, -7.85854],
			"rotation": {"angle": 0, "axis": "y", "origin": [8, 10.79849, 3.21646]},
			"faces": {
				"north": {"uv": [8.25, 1.75, 8.5, 2], "texture": "#0"},
				"east": {"uv": [2, 8.25, 2.25, 8.5], "texture": "#0"},
				"south": {"uv": [8.25, 2, 8.5, 2.25], "texture": "#0"},
				"west": {"uv": [2.25, 8.25, 2.5, 8.5], "texture": "#0"},
				"up": {"uv": [8.5, 2.5, 8.25, 2.25], "texture": "#0"},
				"down": {"uv": [2.75, 8.25, 2.5, 8.5], "texture": "#0"}
			}
		},
		{
			"from": [8.4875, 8.28599, -8.15854],
			"to": [8.6625, 9.21099, -7.85854],
			"rotation": {"angle": 0, "axis": "y", "origin": [9, 9.28599, -8.00854]},
			"faces": {
				"north": {"uv": [8.25, 2.5, 8.5, 2.75], "texture": "#0"},
				"east": {"uv": [2.75, 8.25, 3, 8.5], "texture": "#0"},
				"south": {"uv": [8.25, 2.75, 8.5, 3], "texture": "#0"},
				"west": {"uv": [3, 8.25, 3.25, 8.5], "texture": "#0"},
				"up": {"uv": [8.5, 3.25, 8.25, 3], "texture": "#0"},
				"down": {"uv": [3.5, 8.25, 3.25, 8.5], "texture": "#0"}
			}
		},
		{
			"from": [7.8, 4.24849, 1.29146],
			"to": [8.2, 6.14849, 2.06646],
			"rotation": {"angle": 22.5, "axis": "x", "origin": [8, 3.76099, 1.25396]},
			"faces": {
				"north": {"uv": [0.75, 7.75, 1, 8.25], "texture": "#0"},
				"east": {"uv": [2, 7.75, 2.25, 8.25], "texture": "#0"},
				"south": {"uv": [2.25, 7.75, 2.5, 8.25], "texture": "#0"},
				"west": {"uv": [2.5, 7.75, 2.75, 8.25], "texture": "#0"},
				"up": {"uv": [8.5, 3.5, 8.25, 3.25], "texture": "#0"},
				"down": {"uv": [3.75, 8.25, 3.5, 8.5], "texture": "#0"}
			}
		},
		{
			"from": [7.625, 6.54849, 9.36646],
			"to": [8.375, 8.29849, 9.99146],
			"rotation": {"angle": 45, "axis": "x", "origin": [8, 8.29849, 10.35396]},
			"faces": {
				"north": {"uv": [7.75, 2.5, 8, 3], "texture": "#0"},
				"east": {"uv": [2.75, 7.75, 3, 8.25], "texture": "#0"},
				"south": {"uv": [5.25, 7.75, 5.5, 8.25], "texture": "#0"},
				"west": {"uv": [5.5, 7.75, 5.75, 8.25], "texture": "#0"},
				"up": {"uv": [8.5, 3.75, 8.25, 3.5], "texture": "#0"},
				"down": {"uv": [4, 8.25, 3.75, 8.5], "texture": "#0"}
			}
		},
		{
			"from": [6.9, 7.14849, 2.34146],
			"to": [7.25, 7.49849, 8.64146],
			"rotation": {"angle": 0, "axis": "y", "origin": [8, 10.79849, 3.21646]},
			"faces": {
				"north": {"uv": [8.25, 3.75, 8.5, 4], "texture": "#0"},
				"east": {"uv": [6.5, 4.5, 8, 4.75], "texture": "#0"},
				"south": {"uv": [4, 8.25, 4.25, 8.5], "texture": "#0"},
				"west": {"uv": [6.5, 4.75, 8, 5], "texture": "#0"},
				"up": {"uv": [1.75, 8, 1.5, 6.5], "texture": "#0"},
				"down": {"uv": [2, 6.5, 1.75, 8], "texture": "#0"}
			}
		},
		{
			"from": [8.75, 7.14849, 2.34146],
			"to": [9.1, 7.49849, 8.64146],
			"rotation": {"angle": 0, "axis": "y", "origin": [8, 10.79849, 3.21646]},
			"faces": {
				"north": {"uv": [8.25, 4, 8.5, 4.25], "texture": "#0"},
				"east": {"uv": [6.5, 5, 8, 5.25], "texture": "#0"},
				"south": {"uv": [4.25, 8.25, 4.5, 8.5], "texture": "#0"},
				"west": {"uv": [6.5, 5.25, 8, 5.5], "texture": "#0"},
				"up": {"uv": [3.25, 8, 3, 6.5], "texture": "#0"},
				"down": {"uv": [3.5, 6.5, 3.25, 8], "texture": "#0"}
			}
		},
		{
			"from": [7.3375, 8.28599, -8.15854],
			"to": [7.5125, 9.21099, -7.85854],
			"rotation": {"angle": 0, "axis": "y", "origin": [7, 9.28599, -8.00854]},
			"faces": {
				"north": {"uv": [8.25, 4.25, 8.5, 4.5], "texture": "#0"},
				"east": {"uv": [4.5, 8.25, 4.75, 8.5], "texture": "#0"},
				"south": {"uv": [8.25, 4.5, 8.5, 4.75], "texture": "#0"},
				"west": {"uv": [4.75, 8.25, 5, 8.5], "texture": "#0"},
				"up": {"uv": [8.5, 5, 8.25, 4.75], "texture": "#0"},
				"down": {"uv": [5.25, 8.25, 5, 8.5], "texture": "#0"}
			}
		},
		{
			"from": [9, -0.85, 7.6],
			"to": [9.15, -0.15, 8.3],
			"rotation": {"angle": -22.5, "axis": "x", "origin": [9.075, -0.5, 7.95]},
			"faces": {
				"north": {"uv": [0, 0, 0.25, 0.25], "texture": "#0"},
				"east": {"uv": [0, 0, 0.25, 0.25], "texture": "#0"},
				"south": {"uv": [0, 0, 0.25, 0.25], "texture": "#0"},
				"west": {"uv": [0, 0, 0.25, 0.25], "texture": "#0"},
				"up": {"uv": [0, 0, 0.25, 0.25], "texture": "#0"},
				"down": {"uv": [0, 0, 0.25, 0.25], "texture": "#0"}
			}
		},
		{
			"from": [9, 4.15, 5.6],
			"to": [9.15, 4.85, 6.3],
			"rotation": {"angle": -22.5, "axis": "x", "origin": [9.075, 4.5, 5.95]},
			"faces": {
				"north": {"uv": [0, 0, 0.25, 0.25], "texture": "#0"},
				"east": {"uv": [0, 0, 0.25, 0.25], "texture": "#0"},
				"south": {"uv": [0, 0, 0.25, 0.25], "texture": "#0"},
				"west": {"uv": [0, 0, 0.25, 0.25], "texture": "#0"},
				"up": {"uv": [0, 0, 0.25, 0.25], "texture": "#0"},
				"down": {"uv": [0, 0, 0.25, 0.25], "texture": "#0"}
			}
		},
		{
			"from": [6.825, 4.15, 5.6],
			"to": [6.975, 4.85, 6.3],
			"rotation": {"angle": -22.5, "axis": "x", "origin": [6.9, 4.5, 5.95]},
			"faces": {
				"north": {"uv": [0, 0, 0.25, 0.25], "texture": "#0"},
				"east": {"uv": [0, 0, 0.25, 0.25], "texture": "#0"},
				"south": {"uv": [0, 0, 0.25, 0.25], "texture": "#0"},
				"west": {"uv": [0, 0, 0.25, 0.25], "texture": "#0"},
				"up": {"uv": [0, 0, 0.25, 0.25], "texture": "#0"},
				"down": {"uv": [0, 0, 0.25, 0.25], "texture": "#0"}
			}
		},
		{
			"from": [6.825, -0.85, 7.625],
			"to": [6.975, -0.15, 8.275],
			"rotation": {"angle": -22.5, "axis": "x", "origin": [6.9, -0.5, 7.95]},
			"faces": {
				"north": {"uv": [0, 0, 0.25, 0.25], "texture": "#0"},
				"east": {"uv": [0, 0, 0.25, 0.25], "texture": "#0"},
				"south": {"uv": [0, 0, 0.25, 0.25], "texture": "#0"},
				"west": {"uv": [0, 0, 0.25, 0.25], "texture": "#0"},
				"up": {"uv": [0, 0, 0.25, 0.25], "texture": "#0"},
				"down": {"uv": [0, 0, 0.25, 0.25], "texture": "#0"}
			}
		}
	],
	"display": {
		"thirdperson_righthand": {
			"translation": [0, 1.25, 3],
			"scale": [0.5, 0.5, 0.5]
		},
		"thirdperson_lefthand": {
			"translation": [0, 1.25, 3],
			"scale": [0.5, 0.5, 0.5]
		},
		"firstperson_righthand": {
			"rotation": [0, -9, 0],
			"translation": [12, 0.5, -6]
		},
		"firstperson_lefthand": {
			"rotation": [0, -9, 0],
			"translation": [12, 0.5, -6]
		},
		"ground": {
			"translation": [0, 2, 0],
			"scale": [0.5, 0.5, 0.5]
		},
		"gui": {
			"rotation": [144.28, -49.58, 169.58],
			"translation": [-3, 0.5, 0],
			"scale": [0.7, 0.7, 0.7]
		},
		"fixed": {
			"rotation": [90, -55, 90],
			"translation": [-3, -1.5, 0],
			"scale": [0.6, 0.6, 0.6]
		}
	},
	"groups": [
		{
			"name": "group",
			"origin": [7, 11.03599, -8.00854],
			"color": 0,
			"children": [0, 1, 2, 3, 4, 5, 6, 7, 8, 9, 10, 11, 12, 13, 14, 15, 16, 17, 18, 19, 20, 21, 22, 23, 24, 25, 26, 27, 28, 29, 30, 31, 32, 33, 34, 35, 36, 37, 38, 39, 40, 41, 42, 43, 44]
		}
	]
}