{
	"format_version": "1.9.0",
	"credit": "Made with Blockbench",
	"texture_size": [32, 32],
	"textures": {
		"0": "item/fire_extinguisher",
		"particle": "item/fire_extinguisher"
	},
	"elements": [
		{
			"from": [5.5, 0, 5.5],
			"to": [11.5, 15, 11.5],
			"rotation": {"angle": 0, "axis": "y", "origin": [7, 0, 7]},
			"faces": {
				"north": {"uv": [0, 0, 3, 7.5], "texture": "#0"},
				"east": {"uv": [3, 0, 6, 7.5], "texture": "#0"},
				"south": {"uv": [6, 0, 9, 7.5], "texture": "#0"},
				"west": {"uv": [0, 7.5, 3, 15], "texture": "#0"},
				"up": {"uv": [6, 10.5, 3, 7.5], "texture": "#0"},
				"down": {"uv": [9, 7.5, 6, 10.5], "texture": "#0"}
			}
		},
		{
			"from": [7.5, 15, 7.5],
			"to": [9.5, 20, 9.5],
			"rotation": {"angle": 0, "axis": "y", "origin": [7.5, 15, 7.5]},
			"faces": {
				"north": {"uv": [10, 0, 11, 2.5], "texture": "#0"},
				"east": {"uv": [10, 2.5, 11, 5], "texture": "#0"},
				"south": {"uv": [10, 5, 11, 7.5], "texture": "#0"},
				"west": {"uv": [10, 7.5, 11, 10], "texture": "#0"},
				"up": {"uv": [12, 10, 11, 9], "texture": "#0"},
				"down": {"uv": [11.5, 11, 10.5, 12], "texture": "#0"}
			}
		},
		{
			"from": [9.5, 19, 7.5],
			"to": [14, 19.75, 9.5],
			"rotation": {"angle": 0, "axis": "y", "origin": [10, 18, 7.5]},
			"faces": {
				"north": {"uv": [11, 8, 13.5, 8.5], "texture": "#0"},
				"east": {"uv": [11.5, 11, 12.5, 11.5], "texture": "#0"},
				"south": {"uv": [11, 8.5, 13.5, 9], "texture": "#0"},
				"west": {"uv": [11.5, 11.5, 12.5, 12], "texture": "#0"},
				"up": {"uv": [12.5, 11, 10, 10], "texture": "#0"},
				"down": {"uv": [5.5, 10.5, 3, 11.5], "texture": "#0"}
			}
		},
		{
			"from": [10.1, 14, 7.75],
			"to": [10.85, 18.5, 9.25],
			"rotation": {"angle": 45, "axis": "z", "origin": [9.1, 18, 7.5]},
			"faces": {
				"north": {"uv": [8.5, 10.5, 9, 13], "texture": "#0"},
				"east": {"uv": [5.5, 10.5, 6.5, 13], "texture": "#0"},
				"south": {"uv": [10, 11, 10.5, 13.5], "texture": "#0"},
				"west": {"uv": [6.5, 10.5, 7.5, 13], "texture": "#0"},
				"up": {"uv": [5.5, 12.5, 5, 11.5], "texture": "#0"},
				"down": {"uv": [12.5, 2, 12, 3], "texture": "#0"}
			}
		},
		{
			"from": [4, 1, 8],
			"to": [4, 17, 9],
			"rotation": {"angle": 0, "axis": "z", "origin": [4, 0, 8.5]},
			"faces": {
				"north": {"uv": [0, 0, 0, 8], "texture": "#0"},
				"east": {"uv": [9, 0, 10, 8], "texture": "#0"},
				"south": {"uv": [0, 0, 0, 8], "texture": "#0"},
				"west": {"uv": [9, 8, 10, 16], "texture": "#0"},
				"up": {"uv": [0, 1, 0, 0], "texture": "#0"},
				"down": {"uv": [0, 0, 0, 1], "texture": "#0"}
			}
		},
		{
			"from": [4, 8, 8],
			"to": [5.5, 9, 9],
			"rotation": {"angle": 0, "axis": "y", "origin": [4, 0, 8.5]},
			"faces": {
				"north": {"uv": [12, 3, 13, 3.5], "texture": "#0"},
				"east": {"uv": [12, 5, 12.5, 5.5], "texture": "#0"},
				"south": {"uv": [12, 3.5, 13, 4], "texture": "#0"},
				"west": {"uv": [12, 5.5, 12.5, 6], "texture": "#0"},
				"up": {"uv": [13, 4.5, 12, 4], "texture": "#0"},
				"down": {"uv": [13, 4.5, 12, 5], "texture": "#0"}
			}
		},
		{
			"from": [4, 17, 8],
			"to": [7.85, 17, 9],
			"rotation": {"angle": 22.5, "axis": "z", "origin": [4, 17, 8.5]},
			"faces": {
				"north": {"uv": [0, 0, 2, 0], "texture": "#0"},
				"east": {"uv": [0, 0, 1, 0], "texture": "#0"},
				"south": {"uv": [0, 0, 2, 0], "texture": "#0"},
				"west": {"uv": [0, 0, 1, 0], "texture": "#0"},
				"up": {"uv": [13, 1, 11, 0], "texture": "#0"},
				"down": {"uv": [13, 1, 11, 2], "texture": "#0"}
			}
		},
		{
			"from": [2.25, 0, 7.5],
			"to": [4.25, 4, 9.5],
			"rotation": {"angle": 0, "axis": "y", "origin": [2.25, 0, 7.5]},
			"faces": {
				"north": {"uv": [7.5, 10.5, 8.5, 12.5], "texture": "#0"},
				"east": {"uv": [11, 2, 12, 4], "texture": "#0"},
				"south": {"uv": [11, 4, 12, 6], "texture": "#0"},
				"west": {"uv": [11, 6, 12, 8], "texture": "#0"},
				"up": {"uv": [4, 12.5, 3, 11.5], "texture": "#0"},
				"down": {"uv": [5, 11.5, 4, 12.5], "texture": "#0"}
			}
		}
	],
	"display": {
		"thirdperson_righthand": {
			"rotation": [0, 90, 0],
			"translation": [-0.25, -0.5, 0],
			"scale": [0.8, 0.8, 0.8]
		},
		"firstperson_righthand": {
			"rotation": [0, 90, 0]
		},
		"gui": {
			"rotation": [-17, -52, -49],
			"translation": [0, -1, 0],
			"scale": [0.8, 0.8, 0.8]
		}
	}
}