{
	"format_version": "1.21.6",
	"credit": "Made with Blockbench",
	"texture_size": [4, 4],
	"textures": {
		"0": "item/flamethrower/body",
		"1": "item/flamethrower/bottombody",
		"2": "item/flamethrower/smallhandle",
		"3": "item/flamethrower/handle",
		"4": "item/flamethrower/biggerhandle",
		"5": "item/flamethrower/gascontainer",
		"6": "item/flamethrower/shootyhandle",
		"7": "item/flamethrower/tophandle",
		"8": "item/flamethrower/heatbar",
		"9": "item/flamethrower/middleheater",
		"10": "item/flamethrower/backheater",
		"11": "item/flamethrower/frontheater",
		"12": "item/flamethrower/frontshooter",
		"13": "item/flamethrower/fireshooter1",
		"14": "item/flamethrower/fireshooter2",
		"15": "item/flamethrower/fireshooter3",
		"16": "item/flamethrower/fireshooter4",
		"particle": "item/flamethrower/body"
	},
	"elements": [
		{
			"from": [0.5, 0, 7.5],
			"to": [1.75, 3, 8.75],
			"rotation": {"angle": -22.5, "axis": "z", "origin": [1.125, 1.5, 8.125]},
			"faces": {
				"north": {"uv": [0, 0, 3, 6], "texture": "#4"},
				"east": {"uv": [4, 0, 7, 6], "texture": "#4"},
				"south": {"uv": [0, 6, 3, 12], "texture": "#4"},
				"west": {"uv": [4, 6, 7, 12], "texture": "#4"},
				"up": {"uv": [11, 3, 8, 0], "texture": "#4"},
				"down": {"uv": [11, 4, 8, 7], "texture": "#4"}
			}
		},
		{
			"from": [0.52305, 3.39664, 7.85],
			"to": [3.52305, 4.14664, 8.4],
			"rotation": {"angle": 45, "axis": "z", "origin": [2.27305, 4.27164, 8.125]},
			"faces": {
				"north": {"uv": [0, 0, 6, 2], "texture": "#3"},
				"east": {"uv": [6, 0, 7, 2], "texture": "#3"},
				"south": {"uv": [0, 2, 6, 4], "texture": "#3"},
				"west": {"uv": [6, 2, 7, 4], "texture": "#3"},
				"up": {"uv": [6, 5, 0, 4], "texture": "#3"},
				"down": {"uv": [6, 6, 0, 7], "texture": "#3"}
			}
		},
		{
			"from": [2.71499, 2.09226, 7.85],
			"to": [4.96499, 2.09226, 8.4],
			"rotation": {"angle": 45, "axis": "z", "origin": [2.71499, 2.59226, 8.125]},
			"faces": {
				"north": {"uv": [0, 0, 2, 0], "texture": "#2"},
				"east": {"uv": [0, 0, 1, 0], "texture": "#2"},
				"south": {"uv": [0, 0, 2, 0], "texture": "#2"},
				"west": {"uv": [0, 0, 1, 0], "texture": "#2"},
				"up": {"uv": [2, 1, 0, 0], "texture": "#2"},
				"down": {"uv": [2, 1, 0, 2], "texture": "#2"}
			}
		},
		{
			"from": [2.11404, 1.70209, 7.85],
			"to": [3.36404, 1.70209, 8.4],
			"rotation": {"angle": -45, "axis": "z", "origin": [3.86404, 2.32709, 8.125]},
			"faces": {
				"north": {"uv": [0, 0, 1, 0], "texture": "#2"},
				"east": {"uv": [0, 0, 1, 0], "texture": "#2"},
				"south": {"uv": [0, 0, 1, 0], "texture": "#2"},
				"west": {"uv": [0, 0, 1, 0], "texture": "#2"},
				"up": {"uv": [1, 3, 0, 2], "texture": "#2"},
				"down": {"uv": [3, 0, 2, 1], "texture": "#2"}
			}
		},
		{
			"from": [3.57115, 3.73763, 7.35],
			"to": [6.32115, 5.48763, 8.9],
			"rotation": {"angle": -22.5, "axis": "z", "origin": [4.57115, 5.86263, 8.125]},
			"faces": {
				"north": {"uv": [0, 0, 5, 4], "texture": "#0"},
				"east": {"uv": [0, 8, 3, 12], "texture": "#0"},
				"south": {"uv": [0, 4, 5, 8], "texture": "#0"},
				"west": {"uv": [4, 8, 7, 12], "texture": "#0"},
				"up": {"uv": [11, 3, 6, 0], "texture": "#0"},
				"down": {"uv": [11, 4, 6, 7], "texture": "#0"}
			}
		},
		{
			"from": [2.72231, 3.46547, 8.125],
			"to": [3.87231, 3.96547, 8.125],
			"rotation": {"angle": -45, "axis": "z", "origin": [3.17231, 3.46547, 8.125]},
			"faces": {
				"north": {"uv": [0, 0, 5, 2], "texture": "#6"},
				"east": {"uv": [0, 0, 0, 2], "texture": "#6"},
				"south": {"uv": [0, 4, 5, 6], "texture": "#6"},
				"west": {"uv": [0, 0, 0, 2], "texture": "#6"},
				"up": {"uv": [5, 0, 0, 0], "texture": "#6"},
				"down": {"uv": [5, 0, 0, 0], "texture": "#6"}
			}
		},
		{
			"from": [6.68394, 3.65854, 7.78839],
			"to": [7.13394, 3.90854, 8.23839],
			"rotation": {"angle": -45, "axis": "y", "origin": [6.80894, 3.40854, 8.13839]},
			"color": 9,
			"faces": {
				"north": {"uv": [0, 0, 1.8, 1], "rotation": 180, "texture": "#missing"},
				"east": {"uv": [0, 0, 1.8, 1], "rotation": 180, "texture": "#missing"},
				"south": {"uv": [0, 0, 1.8, 1], "rotation": 180, "texture": "#missing"},
				"west": {"uv": [0, 0, 1.8, 1], "rotation": 180, "texture": "#missing"},
				"up": {"uv": [0, 0, 1.8, 1.8], "rotation": 90, "texture": "#missing"},
				"down": {"uv": [0, 0, 1.8, 1.8], "rotation": 270, "texture": "#missing"}
			}
		},
		{
			"from": [6.50894, 2.15854, 7.58839],
			"to": [7.30894, 3.65854, 8.43839],
			"rotation": {"angle": -45, "axis": "y", "origin": [6.80894, 3.40854, 8.13839]},
			"faces": {
				"north": {"uv": [0, 0, 2, 3], "texture": "#5"},
				"east": {"uv": [2, 0, 4, 3], "texture": "#5"},
				"south": {"uv": [0, 4, 2, 7], "texture": "#5"},
				"west": {"uv": [4, 0, 6, 3], "texture": "#5"},
				"up": {"uv": [4, 6, 2, 4], "texture": "#5"},
				"down": {"uv": [6, 4, 4, 6], "texture": "#5"}
			}
		},
		{
			"from": [4.83589, 3.79122, 7.6],
			"to": [8.08589, 5.04122, 8.65],
			"rotation": {"angle": 0, "axis": "y", "origin": [7.21089, 3.41622, 8.125]},
			"faces": {
				"north": {"uv": [0, 0, 7, 3], "texture": "#1"},
				"east": {"uv": [8, 2, 10, 5], "texture": "#1"},
				"south": {"uv": [0, 4, 7, 7], "texture": "#1"},
				"west": {"uv": [8, 6, 10, 9], "texture": "#1"},
				"up": {"uv": [7, 10, 0, 8], "texture": "#1"},
				"down": {"uv": [15, 0, 8, 2], "texture": "#1"}
			}
		},
		{
			"from": [7.92299, 3.14727, 7.95],
			"to": [11.42299, 3.14727, 8.3],
			"rotation": {"angle": -22.5, "axis": "z", "origin": [9.67299, 3.14727, 8.125]},
			"faces": {
				"north": {"uv": [0, 0, 7, 0], "texture": "#13"},
				"east": {"uv": [0, 0, 1, 0], "texture": "#13"},
				"south": {"uv": [0, 0, 7, 0], "texture": "#13"},
				"west": {"uv": [0, 0, 1, 0], "texture": "#13"},
				"up": {"uv": [7, 1, 0, 0], "texture": "#13"},
				"down": {"uv": [7, 2, 0, 3], "texture": "#13"}
			}
		},
		{
			"from": [11.38478, 2.95381, 7.95],
			"to": [13.38478, 2.95381, 8.3],
			"rotation": {"angle": 22.5, "axis": "z", "origin": [12.53478, 2.47881, 8.125]},
			"faces": {
				"north": {"uv": [0, 0, 4, 0], "texture": "#14"},
				"east": {"uv": [0, 0, 1, 0], "texture": "#14"},
				"south": {"uv": [0, 0, 4, 0], "texture": "#14"},
				"west": {"uv": [0, 0, 1, 0], "texture": "#14"},
				"up": {"uv": [4, 1, 0, 0], "texture": "#14"},
				"down": {"uv": [4, 2, 0, 3], "texture": "#14"}
			}
		},
		{
			"from": [13.29514, 2.98679, 7.95],
			"to": [13.54514, 3.48679, 8.3],
			"rotation": {"angle": -22.5, "axis": "z", "origin": [14.9893, 3.11066, 4.95]},
			"faces": {
				"north": {"uv": [0, 0, 1, 2], "texture": "#16"},
				"east": {"uv": [0, 4, 1, 6], "texture": "#16"},
				"south": {"uv": [4, 0, 5, 2], "texture": "#16"},
				"west": {"uv": [4, 4, 5, 6], "texture": "#16"},
				"up": {"uv": [1, 9, 0, 8], "texture": "#16"},
				"down": {"uv": [9, 0, 8, 1], "texture": "#16"}
			}
		},
		{
			"from": [13.13767, 4.19545, 7.95],
			"to": [13.63767, 4.19545, 8.3],
			"rotation": {"angle": 45, "axis": "z", "origin": [14.28767, 3.72045, 8.125]},
			"faces": {
				"north": {"uv": [0, 0, 1, 0], "texture": "#15"},
				"east": {"uv": [0, 0, 1, 0], "texture": "#15"},
				"south": {"uv": [0, 0, 1, 0], "texture": "#15"},
				"west": {"uv": [0, 0, 1, 0], "texture": "#15"},
				"up": {"uv": [1, 1, 0, 0], "texture": "#15"},
				"down": {"uv": [1, 2, 0, 3], "texture": "#15"}
			}
		},
		{
			"from": [3.83589, 4.94122, 6.625],
			"to": [8.58589, 5.89122, 7.625],
			"rotation": {"angle": -45, "axis": "x", "origin": [5.96089, 6.41622, 8.125]},
			"faces": {
				"north": {"uv": [0, 0, 10, 2], "texture": "#7"},
				"east": {"uv": [0, 8, 2, 10], "texture": "#7"},
				"south": {"uv": [0, 2, 10, 4], "texture": "#7"},
				"west": {"uv": [2, 8, 4, 10], "texture": "#7"},
				"up": {"uv": [10, 6, 0, 4], "texture": "#7"},
				"down": {"uv": [10, 6, 0, 8], "texture": "#7"}
			}
		},
		{
			"from": [8.58589, 5.19122, 6.875],
			"to": [12.33589, 5.64122, 7.375],
			"rotation": {"angle": -45, "axis": "x", "origin": [5.96089, 6.41622, 8.125]},
			"faces": {
				"north": {"uv": [0, 0, 8, 1], "texture": "#9"},
				"east": {"uv": [0, 8, 1, 9], "texture": "#9"},
				"south": {"uv": [0, 2, 8, 3], "texture": "#9"},
				"west": {"uv": [8, 0, 9, 1], "texture": "#9"},
				"up": {"uv": [8, 5, 0, 4], "texture": "#9"},
				"down": {"uv": [8, 6, 0, 7], "texture": "#9"}
			}
		},
		{
			"from": [8.83589, 4.73743, 6.6391],
			"to": [8.83589, 5.93743, 7.8391],
			"rotation": {"angle": -45, "axis": "x", "origin": [6.21089, 6.21243, 8.2141]},
			"faces": {
				"north": {"uv": [0, 0, 0, 2], "texture": "#10"},
				"east": {"uv": [0, 0, 2, 2], "texture": "#10"},
				"south": {"uv": [0, 0, 0, 2], "texture": "#10"},
				"west": {"uv": [0, 2, 2, 4], "texture": "#10"},
				"up": {"uv": [0, 2, 0, 0], "texture": "#10"},
				"down": {"uv": [0, 0, 0, 2], "texture": "#10"}
			}
		},
		{
			"from": [12.334, 4.73743, 6.6391],
			"to": [12.334, 5.93743, 7.8391],
			"rotation": {"angle": -45, "axis": "x", "origin": [6.21089, 6.21243, 8.2141]},
			"faces": {
				"north": {"uv": [0, 0, 0, 2], "texture": "#11"},
				"east": {"uv": [0, 0, 2, 2], "texture": "#11"},
				"south": {"uv": [0, 0, 0, 2], "texture": "#11"},
				"west": {"uv": [0, 2, 2, 4], "texture": "#11"},
				"up": {"uv": [0, 2, 0, 0], "texture": "#11"},
				"down": {"uv": [0, 0, 0, 2], "texture": "#11"}
			}
		},
		{
			"from": [12.33589, 4.98743, 6.8891],
			"to": [13.08589, 5.68743, 7.5891],
			"rotation": {"angle": -45, "axis": "x", "origin": [6.21089, 6.21243, 8.2141]},
			"faces": {
				"north": {"uv": [0, 0, 2, 1], "texture": "#12"},
				"east": {"uv": [0, 4, 1, 5], "texture": "#12"},
				"south": {"uv": [0, 2, 2, 3], "texture": "#12"},
				"west": {"uv": [4, 0, 5, 1], "texture": "#12"},
				"up": {"uv": [4, 1, 2, 0], "texture": "#12"},
				"down": {"uv": [4, 2, 2, 3], "texture": "#12"}
			}
		},
		{
			"from": [8.83911, 4.12783, 7.96694],
			"to": [9.33911, 5.32783, 7.96694],
			"rotation": {"angle": 45, "axis": "x", "origin": [7.53911, 5.32783, 8.56694]},
			"faces": {
				"north": {"uv": [0, 0, 0.5, 1], "texture": "#8"},
				"east": {"uv": [0, 0, 0, 1], "texture": "#8"},
				"south": {"uv": [0, 1, 0.5, 2], "texture": "#8"},
				"west": {"uv": [0, 0, 0, 1], "texture": "#8"},
				"up": {"uv": [0.5, 0, 0, 0], "texture": "#8"},
				"down": {"uv": [0.5, 0, 0, 0], "texture": "#8"}
			}
		},
		{
			"from": [8.83589, 4.72783, 8.56694],
			"to": [9.33589, 5.92783, 8.56694],
			"rotation": {"angle": -45, "axis": "x", "origin": [8.96089, 5.32783, 8.56694]},
			"faces": {
				"north": {"uv": [1, 0, 1.5, 1], "texture": "#8"},
				"east": {"uv": [0, 0, 0, 1], "texture": "#8"},
				"south": {"uv": [1, 1, 1.5, 2], "texture": "#8"},
				"west": {"uv": [0, 0, 0, 1], "texture": "#8"},
				"up": {"uv": [0.5, 0, 0, 0], "texture": "#8"},
				"down": {"uv": [0.5, 0, 0, 0], "texture": "#8"}
			}
		},
		{
			"from": [9.33589, 5.47783, 8.56694],
			"to": [9.83589, 5.92783, 8.56694],
			"rotation": {"angle": -45, "axis": "x", "origin": [8.96089, 5.32783, 8.56694]},
			"faces": {
				"north": {"uv": [0, 8, 0.5, 8.5], "texture": "#8"},
				"east": {"uv": [0, 0, 0, 0.5], "texture": "#8"},
				"south": {"uv": [8, 0, 8.5, 0.5], "texture": "#8"},
				"west": {"uv": [0, 0, 0, 0.5], "texture": "#8"},
				"up": {"uv": [0.5, 0, 0, 0], "texture": "#8"},
				"down": {"uv": [0.5, 0, 0, 0], "texture": "#8"}
			}
		},
		{
			"from": [10.33589, 5.47783, 8.56694],
			"to": [10.83589, 5.92783, 8.56694],
			"rotation": {"angle": -45, "axis": "x", "origin": [8.96089, 5.32783, 8.56694]},
			"faces": {
				"north": {"uv": [1, 8, 1.5, 8.5], "texture": "#8"},
				"east": {"uv": [0, 0, 0, 0.5], "texture": "#8"},
				"south": {"uv": [8, 1, 8.5, 1.5], "texture": "#8"},
				"west": {"uv": [0, 0, 0, 0.5], "texture": "#8"},
				"up": {"uv": [0.5, 0, 0, 0], "texture": "#8"},
				"down": {"uv": [0.5, 0, 0, 0], "texture": "#8"}
			}
		},
		{
			"from": [11.33589, 5.47783, 8.56694],
			"to": [11.83589, 5.92783, 8.56694],
			"rotation": {"angle": -45, "axis": "x", "origin": [8.96089, 5.32783, 8.56694]},
			"faces": {
				"north": {"uv": [2, 8, 2.5, 8.5], "texture": "#8"},
				"east": {"uv": [0, 0, 0, 0.5], "texture": "#8"},
				"south": {"uv": [8, 2, 8.5, 2.5], "texture": "#8"},
				"west": {"uv": [0, 0, 0, 0.5], "texture": "#8"},
				"up": {"uv": [0.5, 0, 0, 0], "texture": "#8"},
				"down": {"uv": [0.5, 0, 0, 0], "texture": "#8"}
			}
		},
		{
			"from": [8.83589, 4.47729, 7.16106],
			"to": [9.33589, 4.47729, 8.36106],
			"rotation": {"angle": -45, "axis": "x", "origin": [9.08427, 5.45229, 8.16106]},
			"faces": {
				"north": {"uv": [0, 0, 0.5, 0], "texture": "#8"},
				"east": {"uv": [0, 0, 1, 0], "texture": "#8"},
				"south": {"uv": [0, 0, 0.5, 0], "texture": "#8"},
				"west": {"uv": [0, 0, 1, 0], "texture": "#8"},
				"up": {"uv": [0.5, 3, 0, 2], "texture": "#8"},
				"down": {"uv": [2.5, 0, 2, 1], "texture": "#8"}
			}
		},
		{
			"from": [8.83266, 4.47729, 7.16106],
			"to": [9.33266, 5.67729, 7.16106],
			"rotation": {"angle": -45, "axis": "x", "origin": [9.08427, 5.45229, 8.16106]},
			"faces": {
				"north": {"uv": [1, 2, 1.5, 3], "texture": "#8"},
				"east": {"uv": [0, 0, 0, 1], "texture": "#8"},
				"south": {"uv": [2, 1, 2.5, 2], "texture": "#8"},
				"west": {"uv": [0, 0, 0, 1], "texture": "#8"},
				"up": {"uv": [0.5, 0, 0, 0], "texture": "#8"},
				"down": {"uv": [0.5, 0, 0, 0], "texture": "#8"}
			}
		},
		{
			"from": [9.33266, 4.95229, 7.16106],
			"to": [9.83266, 5.40229, 7.16106],
			"rotation": {"angle": -45, "axis": "x", "origin": [10.08427, 5.45229, 8.16106]},
			"faces": {
				"north": {"uv": [3, 8, 3.5, 8.5], "texture": "#8"},
				"east": {"uv": [0, 0, 0, 0.5], "texture": "#8"},
				"south": {"uv": [8, 3, 8.5, 3.5], "texture": "#8"},
				"west": {"uv": [0, 0, 0, 0.5], "texture": "#8"},
				"up": {"uv": [0.5, 0, 0, 0], "texture": "#8"},
				"down": {"uv": [0.5, 0, 0, 0], "texture": "#8"}
			}
		},
		{
			"from": [10.33266, 4.95229, 7.16106],
			"to": [10.83266, 5.40229, 7.16106],
			"rotation": {"angle": -45, "axis": "x", "origin": [10.08427, 5.45229, 8.16106]},
			"faces": {
				"north": {"uv": [4, 8, 4.5, 8.5], "texture": "#8"},
				"east": {"uv": [0, 0, 0, 0.5], "texture": "#8"},
				"south": {"uv": [8, 4, 8.5, 4.5], "texture": "#8"},
				"west": {"uv": [0, 0, 0, 0.5], "texture": "#8"},
				"up": {"uv": [0.5, 0, 0, 0], "texture": "#8"},
				"down": {"uv": [0.5, 0, 0, 0], "texture": "#8"}
			}
		},
		{
			"from": [11.33266, 4.95229, 7.16106],
			"to": [11.83266, 5.40229, 7.16106],
			"rotation": {"angle": -45, "axis": "x", "origin": [10.08427, 5.45229, 8.16106]},
			"faces": {
				"north": {"uv": [5, 8, 5.5, 8.5], "texture": "#8"},
				"east": {"uv": [0, 0, 0, 0.5], "texture": "#8"},
				"south": {"uv": [8, 5, 8.5, 5.5], "texture": "#8"},
				"west": {"uv": [0, 0, 0, 0.5], "texture": "#8"},
				"up": {"uv": [0.5, 0, 0, 0], "texture": "#8"},
				"down": {"uv": [0.5, 0, 0, 0], "texture": "#8"}
			}
		},
		{
			"from": [11.33589, 3.98985, 8.40929],
			"to": [11.83589, 3.98985, 8.85929],
			"rotation": {"angle": -45, "axis": "x", "origin": [11.58589, 4.21485, 7.98429]},
			"faces": {
				"north": {"uv": [0, 0, 0.5, 0], "texture": "#8"},
				"east": {"uv": [0, 0, 0.5, 0], "texture": "#8"},
				"south": {"uv": [0, 0, 0.5, 0], "texture": "#8"},
				"west": {"uv": [0, 0, 0.5, 0], "texture": "#8"},
				"up": {"uv": [6.5, 8.5, 6, 8], "texture": "#8"},
				"down": {"uv": [8.5, 6, 8, 6.5], "texture": "#8"}
			}
		},
		{
			"from": [9.33589, 3.98985, 8.40929],
			"to": [9.83589, 3.98985, 8.85929],
			"rotation": {"angle": -45, "axis": "x", "origin": [11.58589, 4.21485, 7.98429]},
			"faces": {
				"north": {"uv": [0, 0, 0.5, 0], "texture": "#8"},
				"east": {"uv": [0, 0, 0.5, 0], "texture": "#8"},
				"south": {"uv": [0, 0, 0.5, 0], "texture": "#8"},
				"west": {"uv": [0, 0, 0.5, 0], "texture": "#8"},
				"up": {"uv": [7.5, 8.5, 7, 8], "texture": "#8"},
				"down": {"uv": [8.5, 7, 8, 7.5], "texture": "#8"}
			}
		},
		{
			"from": [10.33589, 3.98985, 8.40929],
			"to": [10.83589, 3.98985, 8.85929],
			"rotation": {"angle": -45, "axis": "x", "origin": [11.58589, 4.21485, 7.98429]},
			"faces": {
				"north": {"uv": [0, 0, 0.5, 0], "texture": "#8"},
				"east": {"uv": [0, 0, 0.5, 0], "texture": "#8"},
				"south": {"uv": [0, 0, 0.5, 0], "texture": "#8"},
				"west": {"uv": [0, 0, 0.5, 0], "texture": "#8"},
				"up": {"uv": [8.5, 8.5, 8, 8], "texture": "#8"},
				"down": {"uv": [0.5, 9, 0, 9.5], "texture": "#8"}
			}
		},
		{
			"from": [9.83911, 4.12783, 7.96694],
			"to": [10.33911, 5.32783, 7.96694],
			"rotation": {"angle": 45, "axis": "x", "origin": [8.53911, 5.32783, 8.56694]},
			"faces": {
				"north": {"uv": [5, 3, 5.5, 4], "texture": "#8"},
				"east": {"uv": [0, 0, 0, 1], "texture": "#8"},
				"south": {"uv": [4, 5, 4.5, 6], "texture": "#8"},
				"west": {"uv": [0, 0, 0, 1], "texture": "#8"},
				"up": {"uv": [0.5, 0, 0, 0], "texture": "#8"},
				"down": {"uv": [0.5, 0, 0, 0], "texture": "#8"}
			}
		},
		{
			"from": [9.83589, 4.72783, 8.56694],
			"to": [10.33589, 5.92783, 8.56694],
			"rotation": {"angle": -45, "axis": "x", "origin": [9.96089, 5.32783, 8.56694]},
			"faces": {
				"north": {"uv": [5, 4, 5.5, 5], "texture": "#8"},
				"east": {"uv": [0, 0, 0, 1], "texture": "#8"},
				"south": {"uv": [5, 5, 5.5, 6], "texture": "#8"},
				"west": {"uv": [0, 0, 0, 1], "texture": "#8"},
				"up": {"uv": [0.5, 0, 0, 0], "texture": "#8"},
				"down": {"uv": [0.5, 0, 0, 0], "texture": "#8"}
			}
		},
		{
			"from": [9.83589, 4.47729, 7.16106],
			"to": [10.33589, 4.47729, 8.36106],
			"rotation": {"angle": -45, "axis": "x", "origin": [10.08427, 5.45229, 8.16106]},
			"faces": {
				"north": {"uv": [0, 0, 0.5, 0], "texture": "#8"},
				"east": {"uv": [0, 0, 1, 0], "texture": "#8"},
				"south": {"uv": [0, 0, 0.5, 0], "texture": "#8"},
				"west": {"uv": [0, 0, 1, 0], "texture": "#8"},
				"up": {"uv": [0.5, 7, 0, 6], "texture": "#8"},
				"down": {"uv": [6.5, 0, 6, 1], "texture": "#8"}
			}
		},
		{
			"from": [9.83266, 4.47729, 7.16106],
			"to": [10.33266, 5.67729, 7.16106],
			"rotation": {"angle": -45, "axis": "x", "origin": [10.08427, 5.45229, 8.16106]},
			"faces": {
				"north": {"uv": [1, 6, 1.5, 7], "texture": "#8"},
				"east": {"uv": [0, 0, 0, 1], "texture": "#8"},
				"south": {"uv": [6, 1, 6.5, 2], "texture": "#8"},
				"west": {"uv": [0, 0, 0, 1], "texture": "#8"},
				"up": {"uv": [0.5, 0, 0, 0], "texture": "#8"},
				"down": {"uv": [0.5, 0, 0, 0], "texture": "#8"}
			}
		},
		{
			"from": [10.83911, 4.12783, 7.96694],
			"to": [11.33911, 5.32783, 7.96694],
			"rotation": {"angle": 45, "axis": "x", "origin": [9.53911, 5.32783, 8.56694]},
			"faces": {
				"north": {"uv": [6, 6, 6.5, 7], "texture": "#8"},
				"east": {"uv": [0, 0, 0, 1], "texture": "#8"},
				"south": {"uv": [0, 7, 0.5, 8], "texture": "#8"},
				"west": {"uv": [0, 0, 0, 1], "texture": "#8"},
				"up": {"uv": [0.5, 0, 0, 0], "texture": "#8"},
				"down": {"uv": [0.5, 0, 0, 0], "texture": "#8"}
			}
		},
		{
			"from": [10.83589, 4.72783, 8.56694],
			"to": [11.33589, 5.92783, 8.56694],
			"rotation": {"angle": -45, "axis": "x", "origin": [10.96089, 5.32783, 8.56694]},
			"faces": {
				"north": {"uv": [7, 0, 7.5, 1], "texture": "#8"},
				"east": {"uv": [0, 0, 0, 1], "texture": "#8"},
				"south": {"uv": [1, 7, 1.5, 8], "texture": "#8"},
				"west": {"uv": [0, 0, 0, 1], "texture": "#8"},
				"up": {"uv": [0.5, 0, 0, 0], "texture": "#8"},
				"down": {"uv": [0.5, 0, 0, 0], "texture": "#8"}
			}
		},
		{
			"from": [10.83589, 4.47729, 7.16106],
			"to": [11.33589, 4.47729, 8.36106],
			"rotation": {"angle": -45, "axis": "x", "origin": [11.08427, 5.45229, 8.16106]},
			"faces": {
				"north": {"uv": [0, 0, 0.5, 0], "texture": "#8"},
				"east": {"uv": [0, 0, 1, 0], "texture": "#8"},
				"south": {"uv": [0, 0, 0.5, 0], "texture": "#8"},
				"west": {"uv": [0, 0, 1, 0], "texture": "#8"},
				"up": {"uv": [7.5, 2, 7, 1], "texture": "#8"},
				"down": {"uv": [2.5, 7, 2, 8], "texture": "#8"}
			}
		},
		{
			"from": [10.83266, 4.47729, 7.16106],
			"to": [11.33266, 5.67729, 7.16106],
			"rotation": {"angle": -45, "axis": "x", "origin": [11.08427, 5.45229, 8.16106]},
			"faces": {
				"north": {"uv": [7, 2, 7.5, 3], "texture": "#8"},
				"east": {"uv": [0, 0, 0, 1], "texture": "#8"},
				"south": {"uv": [3, 7, 3.5, 8], "texture": "#8"},
				"west": {"uv": [0, 0, 0, 1], "texture": "#8"},
				"up": {"uv": [0.5, 0, 0, 0], "texture": "#8"},
				"down": {"uv": [0.5, 0, 0, 0], "texture": "#8"}
			}
		},
		{
			"from": [11.83911, 4.12783, 7.96694],
			"to": [12.33911, 5.32783, 7.96694],
			"rotation": {"angle": 45, "axis": "x", "origin": [10.53911, 5.32783, 8.56694]},
			"faces": {
				"north": {"uv": [7, 3, 7.5, 4], "texture": "#8"},
				"east": {"uv": [0, 0, 0, 1], "texture": "#8"},
				"south": {"uv": [4, 7, 4.5, 8], "texture": "#8"},
				"west": {"uv": [0, 0, 0, 1], "texture": "#8"},
				"up": {"uv": [0.5, 0, 0, 0], "texture": "#8"},
				"down": {"uv": [0.5, 0, 0, 0], "texture": "#8"}
			}
		},
		{
			"from": [11.33911, 4.87783, 7.96694],
			"to": [11.83911, 5.32783, 7.96694],
			"rotation": {"angle": 45, "axis": "x", "origin": [10.53911, 5.32783, 8.56694]},
			"faces": {
				"north": {"uv": [9, 0, 9.5, 0.5], "texture": "#8"},
				"east": {"uv": [0, 0, 0, 0.5], "texture": "#8"},
				"south": {"uv": [1, 9, 1.5, 9.5], "texture": "#8"},
				"west": {"uv": [0, 0, 0, 0.5], "texture": "#8"},
				"up": {"uv": [0.5, 0, 0, 0], "texture": "#8"},
				"down": {"uv": [0.5, 0, 0, 0], "texture": "#8"}
			}
		},
		{
			"from": [10.33911, 4.87783, 7.96694],
			"to": [10.83911, 5.32783, 7.96694],
			"rotation": {"angle": 45, "axis": "x", "origin": [10.53911, 5.32783, 8.56694]},
			"faces": {
				"north": {"uv": [9, 1, 9.5, 1.5], "texture": "#8"},
				"east": {"uv": [0, 0, 0, 0.5], "texture": "#8"},
				"south": {"uv": [2, 9, 2.5, 9.5], "texture": "#8"},
				"west": {"uv": [0, 0, 0, 0.5], "texture": "#8"},
				"up": {"uv": [0.5, 0, 0, 0], "texture": "#8"},
				"down": {"uv": [0.5, 0, 0, 0], "texture": "#8"}
			}
		},
		{
			"from": [9.33911, 4.87783, 7.96694],
			"to": [9.83911, 5.32783, 7.96694],
			"rotation": {"angle": 45, "axis": "x", "origin": [10.53911, 5.32783, 8.56694]},
			"faces": {
				"north": {"uv": [9, 2, 9.5, 2.5], "texture": "#8"},
				"east": {"uv": [0, 0, 0, 0.5], "texture": "#8"},
				"south": {"uv": [3, 9, 3.5, 9.5], "texture": "#8"},
				"west": {"uv": [0, 0, 0, 0.5], "texture": "#8"},
				"up": {"uv": [0.5, 0, 0, 0], "texture": "#8"},
				"down": {"uv": [0.5, 0, 0, 0], "texture": "#8"}
			}
		},
		{
			"from": [11.83589, 4.72783, 8.56694],
			"to": [12.33589, 5.92783, 8.56694],
			"rotation": {"angle": -45, "axis": "x", "origin": [11.96089, 5.32783, 8.56694]},
			"faces": {
				"north": {"uv": [7, 4, 7.5, 5], "texture": "#8"},
				"east": {"uv": [0, 0, 0, 1], "texture": "#8"},
				"south": {"uv": [5, 7, 5.5, 8], "texture": "#8"},
				"west": {"uv": [0, 0, 0, 1], "texture": "#8"},
				"up": {"uv": [0.5, 0, 0, 0], "texture": "#8"},
				"down": {"uv": [0.5, 0, 0, 0], "texture": "#8"}
			}
		},
		{
			"from": [11.83589, 4.47729, 7.16106],
			"to": [12.33589, 4.47729, 8.36106],
			"rotation": {"angle": -45, "axis": "x", "origin": [12.08427, 5.45229, 8.16106]},
			"faces": {
				"north": {"uv": [0, 0, 0.5, 0], "texture": "#8"},
				"east": {"uv": [0, 0, 1, 0], "texture": "#8"},
				"south": {"uv": [0, 0, 0.5, 0], "texture": "#8"},
				"west": {"uv": [0, 0, 1, 0], "texture": "#8"},
				"up": {"uv": [7.5, 6, 7, 5], "texture": "#8"},
				"down": {"uv": [6.5, 7, 6, 8], "texture": "#8"}
			}
		},
		{
			"from": [11.83266, 4.47729, 7.16106],
			"to": [12.33266, 5.67729, 7.16106],
			"rotation": {"angle": -45, "axis": "x", "origin": [12.08427, 5.45229, 8.16106]},
			"faces": {
				"north": {"uv": [7, 6, 7.5, 7], "texture": "#8"},
				"east": {"uv": [0, 0, 0, 1], "texture": "#8"},
				"south": {"uv": [7, 7, 7.5, 8], "texture": "#8"},
				"west": {"uv": [0, 0, 0, 1], "texture": "#8"},
				"up": {"uv": [0.5, 0, 0, 0], "texture": "#8"},
				"down": {"uv": [0.5, 0, 0, 0], "texture": "#8"}
			}
		},
		{
			"from": [0.5, 0, 7.5],
			"to": [1.75, 3, 8.75],
			"rotation": {"angle": -22.5, "axis": "z", "origin": [1.125, 1.5, 8.125]},
			"faces": {
				"north": {"uv": [0, 0, 3, 6], "texture": "#4"},
				"east": {"uv": [4, 0, 7, 6], "texture": "#4"},
				"south": {"uv": [0, 6, 3, 12], "texture": "#4"},
				"west": {"uv": [4, 6, 7, 12], "texture": "#4"},
				"up": {"uv": [11, 3, 8, 0], "texture": "#4"},
				"down": {"uv": [11, 4, 8, 7], "texture": "#4"}
			}
		},
		{
			"from": [0.52305, 3.39664, 7.85],
			"to": [3.52305, 4.14664, 8.4],
			"rotation": {"angle": 45, "axis": "z", "origin": [2.27305, 4.27164, 8.125]},
			"faces": {
				"north": {"uv": [0, 0, 6, 2], "texture": "#3"},
				"east": {"uv": [6, 0, 7, 2], "texture": "#3"},
				"south": {"uv": [0, 2, 6, 4], "texture": "#3"},
				"west": {"uv": [6, 2, 7, 4], "texture": "#3"},
				"up": {"uv": [6, 5, 0, 4], "texture": "#3"},
				"down": {"uv": [6, 6, 0, 7], "texture": "#3"}
			}
		},
		{
			"from": [2.71499, 2.09226, 7.85],
			"to": [4.96499, 2.09226, 8.4],
			"rotation": {"angle": 45, "axis": "z", "origin": [2.71499, 2.59226, 8.125]},
			"faces": {
				"north": {"uv": [0, 0, 2, 0], "texture": "#2"},
				"east": {"uv": [0, 0, 1, 0], "texture": "#2"},
				"south": {"uv": [0, 0, 2, 0], "texture": "#2"},
				"west": {"uv": [0, 0, 1, 0], "texture": "#2"},
				"up": {"uv": [2, 1, 0, 0], "texture": "#2"},
				"down": {"uv": [2, 1, 0, 2], "texture": "#2"}
			}
		},
		{
			"from": [2.11404, 1.70209, 7.85],
			"to": [3.36404, 1.70209, 8.4],
			"rotation": {"angle": -45, "axis": "z", "origin": [3.86404, 2.32709, 8.125]},
			"faces": {
				"north": {"uv": [0, 0, 1, 0], "texture": "#2"},
				"east": {"uv": [0, 0, 1, 0], "texture": "#2"},
				"south": {"uv": [0, 0, 1, 0], "texture": "#2"},
				"west": {"uv": [0, 0, 1, 0], "texture": "#2"},
				"up": {"uv": [1, 3, 0, 2], "texture": "#2"},
				"down": {"uv": [3, 0, 2, 1], "texture": "#2"}
			}
		},
		{
			"from": [3.57115, 3.73763, 7.35],
			"to": [6.32115, 5.48763, 8.9],
			"rotation": {"angle": -22.5, "axis": "z", "origin": [4.57115, 5.86263, 8.125]},
			"faces": {
				"north": {"uv": [0, 0, 5, 4], "texture": "#0"},
				"east": {"uv": [0, 8, 3, 12], "texture": "#0"},
				"south": {"uv": [0, 4, 5, 8], "texture": "#0"},
				"west": {"uv": [4, 8, 7, 12], "texture": "#0"},
				"up": {"uv": [11, 3, 6, 0], "texture": "#0"},
				"down": {"uv": [11, 4, 6, 7], "texture": "#0"}
			}
		},
		{
			"from": [2.72231, 3.46547, 8.125],
			"to": [3.87231, 3.96547, 8.125],
			"rotation": {"angle": -45, "axis": "z", "origin": [3.17231, 3.46547, 8.125]},
			"faces": {
				"north": {"uv": [0, 0, 5, 2], "texture": "#6"},
				"east": {"uv": [0, 0, 0, 2], "texture": "#6"},
				"south": {"uv": [0, 4, 5, 6], "texture": "#6"},
				"west": {"uv": [0, 0, 0, 2], "texture": "#6"},
				"up": {"uv": [5, 0, 0, 0], "texture": "#6"},
				"down": {"uv": [5, 0, 0, 0], "texture": "#6"}
			}
		},
		{
			"from": [6.68394, 3.65854, 7.78839],
			"to": [7.13394, 3.90854, 8.23839],
			"rotation": {"angle": -45, "axis": "y", "origin": [6.80894, 3.40854, 8.13839]},
			"color": 9,
			"faces": {
				"north": {"uv": [0, 0, 1.8, 1], "rotation": 180, "texture": "#missing"},
				"east": {"uv": [0, 0, 1.8, 1], "rotation": 180, "texture": "#missing"},
				"south": {"uv": [0, 0, 1.8, 1], "rotation": 180, "texture": "#missing"},
				"west": {"uv": [0, 0, 1.8, 1], "rotation": 180, "texture": "#missing"},
				"up": {"uv": [0, 0, 1.8, 1.8], "rotation": 90, "texture": "#missing"},
				"down": {"uv": [0, 0, 1.8, 1.8], "rotation": 270, "texture": "#missing"}
			}
		},
		{
			"from": [6.50894, 2.15854, 7.58839],
			"to": [7.30894, 3.65854, 8.43839],
			"rotation": {"angle": -45, "axis": "y", "origin": [6.80894, 3.40854, 8.13839]},
			"faces": {
				"north": {"uv": [0, 0, 2, 3], "texture": "#5"},
				"east": {"uv": [2, 0, 4, 3], "texture": "#5"},
				"south": {"uv": [0, 4, 2, 7], "texture": "#5"},
				"west": {"uv": [4, 0, 6, 3], "texture": "#5"},
				"up": {"uv": [4, 6, 2, 4], "texture": "#5"},
				"down": {"uv": [6, 4, 4, 6], "texture": "#5"}
			}
		},
		{
			"from": [4.83589, 3.79122, 7.6],
			"to": [8.08589, 5.04122, 8.65],
			"rotation": {"angle": 0, "axis": "y", "origin": [7.21089, 3.41622, 8.125]},
			"faces": {
				"north": {"uv": [0, 0, 7, 3], "texture": "#1"},
				"east": {"uv": [8, 2, 10, 5], "texture": "#1"},
				"south": {"uv": [0, 4, 7, 7], "texture": "#1"},
				"west": {"uv": [8, 6, 10, 9], "texture": "#1"},
				"up": {"uv": [7, 10, 0, 8], "texture": "#1"},
				"down": {"uv": [15, 0, 8, 2], "texture": "#1"}
			}
		},
		{
			"from": [7.92299, 3.14727, 7.95],
			"to": [11.42299, 3.14727, 8.3],
			"rotation": {"angle": -22.5, "axis": "z", "origin": [9.67299, 3.14727, 8.125]},
			"faces": {
				"north": {"uv": [0, 0, 7, 0], "texture": "#13"},
				"east": {"uv": [0, 0, 1, 0], "texture": "#13"},
				"south": {"uv": [0, 0, 7, 0], "texture": "#13"},
				"west": {"uv": [0, 0, 1, 0], "texture": "#13"},
				"up": {"uv": [7, 1, 0, 0], "texture": "#13"},
				"down": {"uv": [7, 2, 0, 3], "texture": "#13"}
			}
		},
		{
			"from": [11.38478, 2.95381, 7.95],
			"to": [13.38478, 2.95381, 8.3],
			"rotation": {"angle": 22.5, "axis": "z", "origin": [12.53478, 2.47881, 8.125]},
			"faces": {
				"north": {"uv": [0, 0, 4, 0], "texture": "#14"},
				"east": {"uv": [0, 0, 1, 0], "texture": "#14"},
				"south": {"uv": [0, 0, 4, 0], "texture": "#14"},
				"west": {"uv": [0, 0, 1, 0], "texture": "#14"},
				"up": {"uv": [4, 1, 0, 0], "texture": "#14"},
				"down": {"uv": [4, 2, 0, 3], "texture": "#14"}
			}
		},
		{
			"from": [13.29514, 2.98679, 7.95],
			"to": [13.54514, 3.48679, 8.3],
			"rotation": {"angle": -22.5, "axis": "z", "origin": [14.9893, 3.11066, 4.95]},
			"faces": {
				"north": {"uv": [0, 0, 1, 2], "texture": "#16"},
				"east": {"uv": [0, 4, 1, 6], "texture": "#16"},
				"south": {"uv": [4, 0, 5, 2], "texture": "#16"},
				"west": {"uv": [4, 4, 5, 6], "texture": "#16"},
				"up": {"uv": [1, 9, 0, 8], "texture": "#16"},
				"down": {"uv": [9, 0, 8, 1], "texture": "#16"}
			}
		},
		{
			"from": [13.13767, 4.19545, 7.95],
			"to": [13.63767, 4.19545, 8.3],
			"rotation": {"angle": 45, "axis": "z", "origin": [14.28767, 3.72045, 8.125]},
			"faces": {
				"north": {"uv": [0, 0, 1, 0], "texture": "#15"},
				"east": {"uv": [0, 0, 1, 0], "texture": "#15"},
				"south": {"uv": [0, 0, 1, 0], "texture": "#15"},
				"west": {"uv": [0, 0, 1, 0], "texture": "#15"},
				"up": {"uv": [1, 1, 0, 0], "texture": "#15"},
				"down": {"uv": [1, 2, 0, 3], "texture": "#15"}
			}
		},
		{
			"from": [3.83589, 4.94122, 6.625],
			"to": [8.58589, 5.89122, 7.625],
			"rotation": {"angle": -45, "axis": "x", "origin": [5.96089, 6.41622, 8.125]},
			"faces": {
				"north": {"uv": [0, 0, 10, 2], "texture": "#7"},
				"east": {"uv": [0, 8, 2, 10], "texture": "#7"},
				"south": {"uv": [0, 2, 10, 4], "texture": "#7"},
				"west": {"uv": [2, 8, 4, 10], "texture": "#7"},
				"up": {"uv": [10, 6, 0, 4], "texture": "#7"},
				"down": {"uv": [10, 6, 0, 8], "texture": "#7"}
			}
		},
		{
			"from": [8.58589, 5.19122, 6.875],
			"to": [12.33589, 5.64122, 7.375],
			"rotation": {"angle": -45, "axis": "x", "origin": [5.96089, 6.41622, 8.125]},
			"faces": {
				"north": {"uv": [0, 0, 8, 1], "texture": "#9"},
				"east": {"uv": [0, 8, 1, 9], "texture": "#9"},
				"south": {"uv": [0, 2, 8, 3], "texture": "#9"},
				"west": {"uv": [8, 0, 9, 1], "texture": "#9"},
				"up": {"uv": [8, 5, 0, 4], "texture": "#9"},
				"down": {"uv": [8, 6, 0, 7], "texture": "#9"}
			}
		},
		{
			"from": [8.83589, 4.73743, 6.6391],
			"to": [8.83589, 5.93743, 7.8391],
			"rotation": {"angle": -45, "axis": "x", "origin": [6.21089, 6.21243, 8.2141]},
			"faces": {
				"north": {"uv": [0, 0, 0, 2], "texture": "#10"},
				"east": {"uv": [0, 0, 2, 2], "texture": "#10"},
				"south": {"uv": [0, 0, 0, 2], "texture": "#10"},
				"west": {"uv": [0, 2, 2, 4], "texture": "#10"},
				"up": {"uv": [0, 2, 0, 0], "texture": "#10"},
				"down": {"uv": [0, 0, 0, 2], "texture": "#10"}
			}
		},
		{
			"from": [12.334, 4.73743, 6.6391],
			"to": [12.334, 5.93743, 7.8391],
			"rotation": {"angle": -45, "axis": "x", "origin": [6.21089, 6.21243, 8.2141]},
			"faces": {
				"north": {"uv": [0, 0, 0, 2], "texture": "#11"},
				"east": {"uv": [0, 0, 2, 2], "texture": "#11"},
				"south": {"uv": [0, 0, 0, 2], "texture": "#11"},
				"west": {"uv": [0, 2, 2, 4], "texture": "#11"},
				"up": {"uv": [0, 2, 0, 0], "texture": "#11"},
				"down": {"uv": [0, 0, 0, 2], "texture": "#11"}
			}
		},
		{
			"from": [12.33589, 4.98743, 6.8891],
			"to": [13.08589, 5.68743, 7.5891],
			"rotation": {"angle": -45, "axis": "x", "origin": [6.21089, 6.21243, 8.2141]},
			"faces": {
				"north": {"uv": [0, 0, 2, 1], "texture": "#12"},
				"east": {"uv": [0, 4, 1, 5], "texture": "#12"},
				"south": {"uv": [0, 2, 2, 3], "texture": "#12"},
				"west": {"uv": [4, 0, 5, 1], "texture": "#12"},
				"up": {"uv": [4, 1, 2, 0], "texture": "#12"},
				"down": {"uv": [4, 2, 2, 3], "texture": "#12"}
			}
		},
		{
			"from": [8.83911, 4.12783, 7.96694],
			"to": [9.33911, 5.32783, 7.96694],
			"rotation": {"angle": 45, "axis": "x", "origin": [7.53911, 5.32783, 8.56694]},
			"faces": {
				"north": {"uv": [0, 0, 0.5, 1], "texture": "#8"},
				"east": {"uv": [0, 0, 0, 1], "texture": "#8"},
				"south": {"uv": [0, 1, 0.5, 2], "texture": "#8"},
				"west": {"uv": [0, 0, 0, 1], "texture": "#8"},
				"up": {"uv": [0.5, 0, 0, 0], "texture": "#8"},
				"down": {"uv": [0.5, 0, 0, 0], "texture": "#8"}
			}
		},
		{
			"from": [8.83589, 4.72783, 8.56694],
			"to": [9.33589, 5.92783, 8.56694],
			"rotation": {"angle": -45, "axis": "x", "origin": [8.96089, 5.32783, 8.56694]},
			"faces": {
				"north": {"uv": [1, 0, 1.5, 1], "texture": "#8"},
				"east": {"uv": [0, 0, 0, 1], "texture": "#8"},
				"south": {"uv": [1, 1, 1.5, 2], "texture": "#8"},
				"west": {"uv": [0, 0, 0, 1], "texture": "#8"},
				"up": {"uv": [0.5, 0, 0, 0], "texture": "#8"},
				"down": {"uv": [0.5, 0, 0, 0], "texture": "#8"}
			}
		},
		{
			"from": [9.33589, 5.47783, 8.56694],
			"to": [9.83589, 5.92783, 8.56694],
			"rotation": {"angle": -45, "axis": "x", "origin": [8.96089, 5.32783, 8.56694]},
			"faces": {
				"north": {"uv": [0, 8, 0.5, 8.5], "texture": "#8"},
				"east": {"uv": [0, 0, 0, 0.5], "texture": "#8"},
				"south": {"uv": [8, 0, 8.5, 0.5], "texture": "#8"},
				"west": {"uv": [0, 0, 0, 0.5], "texture": "#8"},
				"up": {"uv": [0.5, 0, 0, 0], "texture": "#8"},
				"down": {"uv": [0.5, 0, 0, 0], "texture": "#8"}
			}
		},
		{
			"from": [10.33589, 5.47783, 8.56694],
			"to": [10.83589, 5.92783, 8.56694],
			"rotation": {"angle": -45, "axis": "x", "origin": [8.96089, 5.32783, 8.56694]},
			"faces": {
				"north": {"uv": [1, 8, 1.5, 8.5], "texture": "#8"},
				"east": {"uv": [0, 0, 0, 0.5], "texture": "#8"},
				"south": {"uv": [8, 1, 8.5, 1.5], "texture": "#8"},
				"west": {"uv": [0, 0, 0, 0.5], "texture": "#8"},
				"up": {"uv": [0.5, 0, 0, 0], "texture": "#8"},
				"down": {"uv": [0.5, 0, 0, 0], "texture": "#8"}
			}
		},
		{
			"from": [11.33589, 5.47783, 8.56694],
			"to": [11.83589, 5.92783, 8.56694],
			"rotation": {"angle": -45, "axis": "x", "origin": [8.96089, 5.32783, 8.56694]},
			"faces": {
				"north": {"uv": [2, 8, 2.5, 8.5], "texture": "#8"},
				"east": {"uv": [0, 0, 0, 0.5], "texture": "#8"},
				"south": {"uv": [8, 2, 8.5, 2.5], "texture": "#8"},
				"west": {"uv": [0, 0, 0, 0.5], "texture": "#8"},
				"up": {"uv": [0.5, 0, 0, 0], "texture": "#8"},
				"down": {"uv": [0.5, 0, 0, 0], "texture": "#8"}
			}
		},
		{
			"from": [8.83589, 4.47729, 7.16106],
			"to": [9.33589, 4.47729, 8.36106],
			"rotation": {"angle": -45, "axis": "x", "origin": [9.08427, 5.45229, 8.16106]},
			"faces": {
				"north": {"uv": [0, 0, 0.5, 0], "texture": "#8"},
				"east": {"uv": [0, 0, 1, 0], "texture": "#8"},
				"south": {"uv": [0, 0, 0.5, 0], "texture": "#8"},
				"west": {"uv": [0, 0, 1, 0], "texture": "#8"},
				"up": {"uv": [0.5, 3, 0, 2], "texture": "#8"},
				"down": {"uv": [2.5, 0, 2, 1], "texture": "#8"}
			}
		},
		{
			"from": [8.83266, 4.47729, 7.16106],
			"to": [9.33266, 5.67729, 7.16106],
			"rotation": {"angle": -45, "axis": "x", "origin": [9.08427, 5.45229, 8.16106]},
			"faces": {
				"north": {"uv": [1, 2, 1.5, 3], "texture": "#8"},
				"east": {"uv": [0, 0, 0, 1], "texture": "#8"},
				"south": {"uv": [2, 1, 2.5, 2], "texture": "#8"},
				"west": {"uv": [0, 0, 0, 1], "texture": "#8"},
				"up": {"uv": [0.5, 0, 0, 0], "texture": "#8"},
				"down": {"uv": [0.5, 0, 0, 0], "texture": "#8"}
			}
		},
		{
			"from": [9.33266, 4.95229, 7.16106],
			"to": [9.83266, 5.40229, 7.16106],
			"rotation": {"angle": -45, "axis": "x", "origin": [10.08427, 5.45229, 8.16106]},
			"faces": {
				"north": {"uv": [3, 8, 3.5, 8.5], "texture": "#8"},
				"east": {"uv": [0, 0, 0, 0.5], "texture": "#8"},
				"south": {"uv": [8, 3, 8.5, 3.5], "texture": "#8"},
				"west": {"uv": [0, 0, 0, 0.5], "texture": "#8"},
				"up": {"uv": [0.5, 0, 0, 0], "texture": "#8"},
				"down": {"uv": [0.5, 0, 0, 0], "texture": "#8"}
			}
		},
		{
			"from": [10.33266, 4.95229, 7.16106],
			"to": [10.83266, 5.40229, 7.16106],
			"rotation": {"angle": -45, "axis": "x", "origin": [10.08427, 5.45229, 8.16106]},
			"faces": {
				"north": {"uv": [4, 8, 4.5, 8.5], "texture": "#8"},
				"east": {"uv": [0, 0, 0, 0.5], "texture": "#8"},
				"south": {"uv": [8, 4, 8.5, 4.5], "texture": "#8"},
				"west": {"uv": [0, 0, 0, 0.5], "texture": "#8"},
				"up": {"uv": [0.5, 0, 0, 0], "texture": "#8"},
				"down": {"uv": [0.5, 0, 0, 0], "texture": "#8"}
			}
		},
		{
			"from": [11.33266, 4.95229, 7.16106],
			"to": [11.83266, 5.40229, 7.16106],
			"rotation": {"angle": -45, "axis": "x", "origin": [10.08427, 5.45229, 8.16106]},
			"faces": {
				"north": {"uv": [5, 8, 5.5, 8.5], "texture": "#8"},
				"east": {"uv": [0, 0, 0, 0.5], "texture": "#8"},
				"south": {"uv": [8, 5, 8.5, 5.5], "texture": "#8"},
				"west": {"uv": [0, 0, 0, 0.5], "texture": "#8"},
				"up": {"uv": [0.5, 0, 0, 0], "texture": "#8"},
				"down": {"uv": [0.5, 0, 0, 0], "texture": "#8"}
			}
		},
		{
			"from": [11.33589, 3.98985, 8.40929],
			"to": [11.83589, 3.98985, 8.85929],
			"rotation": {"angle": -45, "axis": "x", "origin": [11.58589, 4.21485, 7.98429]},
			"faces": {
				"north": {"uv": [0, 0, 0.5, 0], "texture": "#8"},
				"east": {"uv": [0, 0, 0.5, 0], "texture": "#8"},
				"south": {"uv": [0, 0, 0.5, 0], "texture": "#8"},
				"west": {"uv": [0, 0, 0.5, 0], "texture": "#8"},
				"up": {"uv": [6.5, 8.5, 6, 8], "texture": "#8"},
				"down": {"uv": [8.5, 6, 8, 6.5], "texture": "#8"}
			}
		},
		{
			"from": [9.33589, 3.98985, 8.40929],
			"to": [9.83589, 3.98985, 8.85929],
			"rotation": {"angle": -45, "axis": "x", "origin": [11.58589, 4.21485, 7.98429]},
			"faces": {
				"north": {"uv": [0, 0, 0.5, 0], "texture": "#8"},
				"east": {"uv": [0, 0, 0.5, 0], "texture": "#8"},
				"south": {"uv": [0, 0, 0.5, 0], "texture": "#8"},
				"west": {"uv": [0, 0, 0.5, 0], "texture": "#8"},
				"up": {"uv": [7.5, 8.5, 7, 8], "texture": "#8"},
				"down": {"uv": [8.5, 7, 8, 7.5], "texture": "#8"}
			}
		},
		{
			"from": [10.33589, 3.98985, 8.40929],
			"to": [10.83589, 3.98985, 8.85929],
			"rotation": {"angle": -45, "axis": "x", "origin": [11.58589, 4.21485, 7.98429]},
			"faces": {
				"north": {"uv": [0, 0, 0.5, 0], "texture": "#8"},
				"east": {"uv": [0, 0, 0.5, 0], "texture": "#8"},
				"south": {"uv": [0, 0, 0.5, 0], "texture": "#8"},
				"west": {"uv": [0, 0, 0.5, 0], "texture": "#8"},
				"up": {"uv": [8.5, 8.5, 8, 8], "texture": "#8"},
				"down": {"uv": [0.5, 9, 0, 9.5], "texture": "#8"}
			}
		},
		{
			"from": [9.83911, 4.12783, 7.96694],
			"to": [10.33911, 5.32783, 7.96694],
			"rotation": {"angle": 45, "axis": "x", "origin": [8.53911, 5.32783, 8.56694]},
			"faces": {
				"north": {"uv": [5, 3, 5.5, 4], "texture": "#8"},
				"east": {"uv": [0, 0, 0, 1], "texture": "#8"},
				"south": {"uv": [4, 5, 4.5, 6], "texture": "#8"},
				"west": {"uv": [0, 0, 0, 1], "texture": "#8"},
				"up": {"uv": [0.5, 0, 0, 0], "texture": "#8"},
				"down": {"uv": [0.5, 0, 0, 0], "texture": "#8"}
			}
		},
		{
			"from": [9.83589, 4.72783, 8.56694],
			"to": [10.33589, 5.92783, 8.56694],
			"rotation": {"angle": -45, "axis": "x", "origin": [9.96089, 5.32783, 8.56694]},
			"faces": {
				"north": {"uv": [5, 4, 5.5, 5], "texture": "#8"},
				"east": {"uv": [0, 0, 0, 1], "texture": "#8"},
				"south": {"uv": [5, 5, 5.5, 6], "texture": "#8"},
				"west": {"uv": [0, 0, 0, 1], "texture": "#8"},
				"up": {"uv": [0.5, 0, 0, 0], "texture": "#8"},
				"down": {"uv": [0.5, 0, 0, 0], "texture": "#8"}
			}
		},
		{
			"from": [9.83589, 4.47729, 7.16106],
			"to": [10.33589, 4.47729, 8.36106],
			"rotation": {"angle": -45, "axis": "x", "origin": [10.08427, 5.45229, 8.16106]},
			"faces": {
				"north": {"uv": [0, 0, 0.5, 0], "texture": "#8"},
				"east": {"uv": [0, 0, 1, 0], "texture": "#8"},
				"south": {"uv": [0, 0, 0.5, 0], "texture": "#8"},
				"west": {"uv": [0, 0, 1, 0], "texture": "#8"},
				"up": {"uv": [0.5, 7, 0, 6], "texture": "#8"},
				"down": {"uv": [6.5, 0, 6, 1], "texture": "#8"}
			}
		},
		{
			"from": [9.83266, 4.47729, 7.16106],
			"to": [10.33266, 5.67729, 7.16106],
			"rotation": {"angle": -45, "axis": "x", "origin": [10.08427, 5.45229, 8.16106]},
			"faces": {
				"north": {"uv": [1, 6, 1.5, 7], "texture": "#8"},
				"east": {"uv": [0, 0, 0, 1], "texture": "#8"},
				"south": {"uv": [6, 1, 6.5, 2], "texture": "#8"},
				"west": {"uv": [0, 0, 0, 1], "texture": "#8"},
				"up": {"uv": [0.5, 0, 0, 0], "texture": "#8"},
				"down": {"uv": [0.5, 0, 0, 0], "texture": "#8"}
			}
		},
		{
			"from": [10.83911, 4.12783, 7.96694],
			"to": [11.33911, 5.32783, 7.96694],
			"rotation": {"angle": 45, "axis": "x", "origin": [9.53911, 5.32783, 8.56694]},
			"faces": {
				"north": {"uv": [6, 6, 6.5, 7], "texture": "#8"},
				"east": {"uv": [0, 0, 0, 1], "texture": "#8"},
				"south": {"uv": [0, 7, 0.5, 8], "texture": "#8"},
				"west": {"uv": [0, 0, 0, 1], "texture": "#8"},
				"up": {"uv": [0.5, 0, 0, 0], "texture": "#8"},
				"down": {"uv": [0.5, 0, 0, 0], "texture": "#8"}
			}
		},
		{
			"from": [10.83589, 4.72783, 8.56694],
			"to": [11.33589, 5.92783, 8.56694],
			"rotation": {"angle": -45, "axis": "x", "origin": [10.96089, 5.32783, 8.56694]},
			"faces": {
				"north": {"uv": [7, 0, 7.5, 1], "texture": "#8"},
				"east": {"uv": [0, 0, 0, 1], "texture": "#8"},
				"south": {"uv": [1, 7, 1.5, 8], "texture": "#8"},
				"west": {"uv": [0, 0, 0, 1], "texture": "#8"},
				"up": {"uv": [0.5, 0, 0, 0], "texture": "#8"},
				"down": {"uv": [0.5, 0, 0, 0], "texture": "#8"}
			}
		},
		{
			"from": [10.83589, 4.47729, 7.16106],
			"to": [11.33589, 4.47729, 8.36106],
			"rotation": {"angle": -45, "axis": "x", "origin": [11.08427, 5.45229, 8.16106]},
			"faces": {
				"north": {"uv": [0, 0, 0.5, 0], "texture": "#8"},
				"east": {"uv": [0, 0, 1, 0], "texture": "#8"},
				"south": {"uv": [0, 0, 0.5, 0], "texture": "#8"},
				"west": {"uv": [0, 0, 1, 0], "texture": "#8"},
				"up": {"uv": [7.5, 2, 7, 1], "texture": "#8"},
				"down": {"uv": [2.5, 7, 2, 8], "texture": "#8"}
			}
		},
		{
			"from": [10.83266, 4.47729, 7.16106],
			"to": [11.33266, 5.67729, 7.16106],
			"rotation": {"angle": -45, "axis": "x", "origin": [11.08427, 5.45229, 8.16106]},
			"faces": {
				"north": {"uv": [7, 2, 7.5, 3], "texture": "#8"},
				"east": {"uv": [0, 0, 0, 1], "texture": "#8"},
				"south": {"uv": [3, 7, 3.5, 8], "texture": "#8"},
				"west": {"uv": [0, 0, 0, 1], "texture": "#8"},
				"up": {"uv": [0.5, 0, 0, 0], "texture": "#8"},
				"down": {"uv": [0.5, 0, 0, 0], "texture": "#8"}
			}
		},
		{
			"from": [11.83911, 4.12783, 7.96694],
			"to": [12.33911, 5.32783, 7.96694],
			"rotation": {"angle": 45, "axis": "x", "origin": [10.53911, 5.32783, 8.56694]},
			"faces": {
				"north": {"uv": [7, 3, 7.5, 4], "texture": "#8"},
				"east": {"uv": [0, 0, 0, 1], "texture": "#8"},
				"south": {"uv": [4, 7, 4.5, 8], "texture": "#8"},
				"west": {"uv": [0, 0, 0, 1], "texture": "#8"},
				"up": {"uv": [0.5, 0, 0, 0], "texture": "#8"},
				"down": {"uv": [0.5, 0, 0, 0], "texture": "#8"}
			}
		},
		{
			"from": [11.33911, 4.87783, 7.96694],
			"to": [11.83911, 5.32783, 7.96694],
			"rotation": {"angle": 45, "axis": "x", "origin": [10.53911, 5.32783, 8.56694]},
			"faces": {
				"north": {"uv": [9, 0, 9.5, 0.5], "texture": "#8"},
				"east": {"uv": [0, 0, 0, 0.5], "texture": "#8"},
				"south": {"uv": [1, 9, 1.5, 9.5], "texture": "#8"},
				"west": {"uv": [0, 0, 0, 0.5], "texture": "#8"},
				"up": {"uv": [0.5, 0, 0, 0], "texture": "#8"},
				"down": {"uv": [0.5, 0, 0, 0], "texture": "#8"}
			}
		},
		{
			"from": [10.33911, 4.87783, 7.96694],
			"to": [10.83911, 5.32783, 7.96694],
			"rotation": {"angle": 45, "axis": "x", "origin": [10.53911, 5.32783, 8.56694]},
			"faces": {
				"north": {"uv": [9, 1, 9.5, 1.5], "texture": "#8"},
				"east": {"uv": [0, 0, 0, 0.5], "texture": "#8"},
				"south": {"uv": [2, 9, 2.5, 9.5], "texture": "#8"},
				"west": {"uv": [0, 0, 0, 0.5], "texture": "#8"},
				"up": {"uv": [0.5, 0, 0, 0], "texture": "#8"},
				"down": {"uv": [0.5, 0, 0, 0], "texture": "#8"}
			}
		},
		{
			"from": [9.33911, 4.87783, 7.96694],
			"to": [9.83911, 5.32783, 7.96694],
			"rotation": {"angle": 45, "axis": "x", "origin": [10.53911, 5.32783, 8.56694]},
			"faces": {
				"north": {"uv": [9, 2, 9.5, 2.5], "texture": "#8"},
				"east": {"uv": [0, 0, 0, 0.5], "texture": "#8"},
				"south": {"uv": [3, 9, 3.5, 9.5], "texture": "#8"},
				"west": {"uv": [0, 0, 0, 0.5], "texture": "#8"},
				"up": {"uv": [0.5, 0, 0, 0], "texture": "#8"},
				"down": {"uv": [0.5, 0, 0, 0], "texture": "#8"}
			}
		},
		{
			"from": [11.83589, 4.72783, 8.56694],
			"to": [12.33589, 5.92783, 8.56694],
			"rotation": {"angle": -45, "axis": "x", "origin": [11.96089, 5.32783, 8.56694]},
			"faces": {
				"north": {"uv": [7, 4, 7.5, 5], "texture": "#8"},
				"east": {"uv": [0, 0, 0, 1], "texture": "#8"},
				"south": {"uv": [5, 7, 5.5, 8], "texture": "#8"},
				"west": {"uv": [0, 0, 0, 1], "texture": "#8"},
				"up": {"uv": [0.5, 0, 0, 0], "texture": "#8"},
				"down": {"uv": [0.5, 0, 0, 0], "texture": "#8"}
			}
		},
		{
			"from": [11.83589, 4.47729, 7.16106],
			"to": [12.33589, 4.47729, 8.36106],
			"rotation": {"angle": -45, "axis": "x", "origin": [12.08427, 5.45229, 8.16106]},
			"faces": {
				"north": {"uv": [0, 0, 0.5, 0], "texture": "#8"},
				"east": {"uv": [0, 0, 1, 0], "texture": "#8"},
				"south": {"uv": [0, 0, 0.5, 0], "texture": "#8"},
				"west": {"uv": [0, 0, 1, 0], "texture": "#8"},
				"up": {"uv": [7.5, 6, 7, 5], "texture": "#8"},
				"down": {"uv": [6.5, 7, 6, 8], "texture": "#8"}
			}
		},
		{
			"from": [11.83266, 4.47729, 7.16106],
			"to": [12.33266, 5.67729, 7.16106],
			"rotation": {"angle": -45, "axis": "x", "origin": [12.08427, 5.45229, 8.16106]},
			"faces": {
				"north": {"uv": [7, 6, 7.5, 7], "texture": "#8"},
				"east": {"uv": [0, 0, 0, 1], "texture": "#8"},
				"south": {"uv": [7, 7, 7.5, 8], "texture": "#8"},
				"west": {"uv": [0, 0, 0, 1], "texture": "#8"},
				"up": {"uv": [0.5, 0, 0, 0], "texture": "#8"},
				"down": {"uv": [0.5, 0, 0, 0], "texture": "#8"}
			}
		}
	],
	"display": {
		"thirdperson_righthand": {
			"rotation": [126.43, 86.08, -121.71],
			"translation": [0, 6, -6.5],
			"scale": [1.7, 1.7, 1.7]
		},
		"thirdperson_lefthand": {
			"rotation": [-7.82, -87.26, -17.14],
			"translation": [0, 6.5, -5.5],
			"scale": [1.7, 1.7, 1.7]
		},
		"firstperson_righthand": {
			"rotation": [-155.48, 88.84, 151.42],
			"translation": [-1.75, 11, 0],
			"scale": [1.7, 1.7, 1.7]
		},
		"firstperson_lefthand": {
			"rotation": [157.86, -85.39, 159.91],
			"translation": [-1.75, 11, 0],
			"scale": [1.7, 1.7, 1.7]
		},
		"ground": {
			"translation": [1, 4.25, 0]
		},
		"gui": {
			"rotation": [8, -32, 29.5],
			"translation": [-1.25, 8, 0],
			"scale": [1.6, 1.5, 1.6]
		},
		"fixed": {
			"rotation": [0, 0, 29.5],
			"translation": [-1, 5.5, 0],
			"scale": [1.2, 1.2, 1.2]
		}
	},
	"groups": [
		0,
		1,
		{
			"name": "group",
			"origin": [3.86404, 2.32709, 8.125],
			"color": 0,
			"nbt": "{}",
			"children": [2, 3]
		},
		4,
		5,
		{
			"name": "group",
			"origin": [6.80894, 3.28354, 8.21339],
			"color": 0,
			"nbt": "{}",
			"children": [6, 7]
		},
		8,
		9,
		10,
		11,
		12,
		13,
		14,
		15,
		16,
		17,
		{
			"name": "group",
			"origin": [8.71089, 6.32783, 8.56694],
			"color": 0,
			"nbt": "{}",
			"children": [
				18,
				19,
				20,
				21,
				22,
				{
					"name": "group",
					"origin": [8.71089, 6.32783, 8.56694],
					"color": 0,
					"nbt": "{}",
					"children": [23, 24]
				},
				{
					"name": "group",
					"origin": [8.71089, 6.32783, 8.56694],
					"color": 0,
					"nbt": "{}",
					"children": [
						{
							"name": "group",
							"origin": [8.71089, 6.32783, 8.56694],
							"color": 0,
							"nbt": "{}",
							"children": [25, 26, 27]
						}
					]
				},
				{
					"name": "group",
					"origin": [8.71089, 6.32783, 8.56694],
					"color": 0,
					"nbt": "{}",
					"children": [
						{
							"name": "group",
							"origin": [8.71089, 6.32783, 8.56694],
							"color": 0,
							"nbt": "{}",
							"children": []
						},
						{
							"name": "group",
							"origin": [8.71089, 6.32783, 8.56694],
							"color": 0,
							"nbt": "{}",
							"children": [
								{
									"name": "group",
									"origin": [8.71089, 6.32783, 8.56694],
									"color": 0,
									"nbt": "{}",
									"children": [28, 29, 30]
								}
							]
						}
					]
				},
				{
					"name": "group",
					"origin": [8.71089, 6.32783, 8.56694],
					"color": 0,
					"nbt": "{}",
					"children": [
						31,
						32,
						{
							"name": "group",
							"origin": [8.71089, 6.32783, 8.56694],
							"color": 0,
							"nbt": "{}",
							"children": [33, 34]
						},
						{
							"name": "group",
							"origin": [8.71089, 6.32783, 8.56694],
							"color": 0,
							"nbt": "{}",
							"children": [
								{
									"name": "group",
									"origin": [8.71089, 6.32783, 8.56694],
									"color": 0,
									"nbt": "{}",
									"children": []
								}
							]
						},
						{
							"name": "group",
							"origin": [8.71089, 6.32783, 8.56694],
							"color": 0,
							"nbt": "{}",
							"children": [
								35,
								36,
								{
									"name": "group",
									"origin": [8.71089, 6.32783, 8.56694],
									"color": 0,
									"nbt": "{}",
									"children": [37, 38]
								},
								{
									"name": "group",
									"origin": [8.71089, 6.32783, 8.56694],
									"color": 0,
									"nbt": "{}",
									"children": [
										39,
										40,
										41,
										42,
										43,
										{
											"name": "group",
											"origin": [8.71089, 6.32783, 8.56694],
											"color": 0,
											"nbt": "{}",
											"children": [44, 45]
										}
									]
								}
							]
						}
					]
				}
			]
		},
		46,
		47,
		{
			"name": "group",
			"origin": [3.86404, 2.32709, 8.125],
			"color": 0,
			"nbt": "{}",
			"children": [48, 49]
		},
		50,
		51,
		{
			"name": "group",
			"origin": [6.80894, 3.28354, 8.21339],
			"color": 0,
			"nbt": "{}",
			"children": [52, 53]
		},
		54,
		55,
		56,
		57,
		58,
		59,
		60,
		61,
		62,
		63,
		{
			"name": "group",
			"origin": [8.71089, 6.32783, 8.56694],
			"color": 0,
			"nbt": "{}",
			"children": [
				64,
				65,
				66,
				67,
				68,
				{
					"name": "group",
					"origin": [8.71089, 6.32783, 8.56694],
					"color": 0,
					"nbt": "{}",
					"children": [69, 70]
				},
				{
					"name": "group",
					"origin": [8.71089, 6.32783, 8.56694],
					"color": 0,
					"nbt": "{}",
					"children": [
						{
							"name": "group",
							"origin": [8.71089, 6.32783, 8.56694],
							"color": 0,
							"nbt": "{}",
							"children": [71, 72, 73]
						}
					]
				},
				{
					"name": "group",
					"origin": [8.71089, 6.32783, 8.56694],
					"color": 0,
					"nbt": "{}",
					"children": [
						{
							"name": "group",
							"origin": [8.71089, 6.32783, 8.56694],
							"color": 0,
							"nbt": "{}",
							"children": []
						},
						{
							"name": "group",
							"origin": [8.71089, 6.32783, 8.56694],
							"color": 0,
							"nbt": "{}",
							"children": [
								{
									"name": "group",
									"origin": [8.71089, 6.32783, 8.56694],
									"color": 0,
									"nbt": "{}",
									"children": [74, 75, 76]
								}
							]
						}
					]
				},
				{
					"name": "group",
					"origin": [8.71089, 6.32783, 8.56694],
					"color": 0,
					"nbt": "{}",
					"children": [
						77,
						78,
						{
							"name": "group",
							"origin": [8.71089, 6.32783, 8.56694],
							"color": 0,
							"nbt": "{}",
							"children": [79, 80]
						},
						{
							"name": "group",
							"origin": [8.71089, 6.32783, 8.56694],
							"color": 0,
							"nbt": "{}",
							"children": [
								{
									"name": "group",
									"origin": [8.71089, 6.32783, 8.56694],
									"color": 0,
									"nbt": "{}",
									"children": []
								}
							]
						},
						{
							"name": "group",
							"origin": [8.71089, 6.32783, 8.56694],
							"color": 0,
							"nbt": "{}",
							"children": [
								81,
								82,
								{
									"name": "group",
									"origin": [8.71089, 6.32783, 8.56694],
									"color": 0,
									"nbt": "{}",
									"children": [83, 84]
								},
								{
									"name": "group",
									"origin": [8.71089, 6.32783, 8.56694],
									"color": 0,
									"nbt": "{}",
									"children": [
										85,
										86,
										87,
										88,
										89,
										{
											"name": "group",
											"origin": [8.71089, 6.32783, 8.56694],
											"color": 0,
											"nbt": "{}",
											"children": [90, 91]
										}
									]
								}
							]
						}
					]
				}
			]
		}
	]
}