{
	"format_version": "1.21.6",
	"textures": {
		"0": "item/fly",
		"particle": "item/fly"
	},
	"elements": [
		{
			"from": [7.25, 8.15, 7.25],
			"to": [7.75, 8.65, 7.75],
			"rotation": {"angle": 0, "axis": "y", "origin": [8.5, 7.4, 9.5]},
			"faces": {
				"north": {"uv": [14, 4, 15, 5], "texture": "#0"},
				"east": {"uv": [12, 11, 11, 12], "texture": "#0"},
				"south": {"uv": [10, 12, 11, 13], "texture": "#0"},
				"west": {"uv": [1, 7, 0, 8], "texture": "#0"},
				"up": {"uv": [8, 9, 9, 10], "texture": "#0"},
				"down": {"uv": [8, 10, 9, 11], "texture": "#0"}
			}
		},
		{
			"from": [7.95, 8.3, 7.25],
			"to": [8.7, 8.3, 7.8],
			"rotation": {"angle": 22.5, "axis": "z", "origin": [7.45, 7.8, 8.8]},
			"faces": {
				"north": {"uv": [0, 0, 0, 1], "rotation": 270, "texture": "#0"},
				"east": {"uv": [0, 1, 0, 0], "rotation": 90, "texture": "#0"},
				"south": {"uv": [0, 0, 0, 1], "rotation": 90, "texture": "#0"},
				"west": {"uv": [0, 0, 0, 1], "rotation": 90, "texture": "#0"},
				"up": {"uv": [9, 12, 10, 13], "rotation": 90, "texture": "#0"},
				"down": {"uv": [7, 3, 8, 4], "rotation": 90, "texture": "#0"}
			}
		},
		{
			"from": [6.45, 9, 7.25],
			"to": [7.2, 9, 7.8],
			"rotation": {"angle": -22.5, "axis": "z", "origin": [5.7, 8.5, 8.8]},
			"faces": {
				"north": {"uv": [0, 0, 0, 1], "texture": "#0"},
				"east": {"uv": [0, 1, 0, 0], "texture": "#0"},
				"south": {"uv": [0, 0, 0, 1], "texture": "#0"},
				"west": {"uv": [0, 0, 0, 1], "texture": "#0"},
				"up": {"uv": [13, 16, 14, 15], "texture": "#0"},
				"down": {"uv": [15, 13, 16, 14], "texture": "#0"}
			}
		}
	],
	"display": {
		"firstperson_righthand": {
			"rotation": [93.11, -15.75, -179.16],
			"translation": [-9, 6.5, 0]
		},
		"firstperson_lefthand": {
			"rotation": [93.11, -15.75, -179.16],
			"translation": [-9, 6.5, 0]
		},
		"gui": {
			"rotation": [0, -180, 0],
			"translation": [0, 4.75, 0]
		},
		"head": {
			"rotation": [-12.5, -24.5, 0],
			"translation": [0, 13.25, -6.5]
		}
	}
}