{
	"format_version": "1.9.0",
	"credit": "Made with Blockbench",
	"textures": {
		"0": "item/flyswatter",
		"particle": "item/flyswatter"
	},
	"elements": [
		{
			"from": [6, 10, 8],
			"to": [10, 16, 8],
			"rotation": {"angle": 0, "axis": "y", "origin": [7, 10, 7]},
			"faces": {
				"north": {"uv": [0, 0, 4, 6], "texture": "#0"},
				"east": {"uv": [4, 6, 5, 12], "texture": "#0"},
				"south": {"uv": [4, 0, 8, 6], "texture": "#0"},
				"west": {"uv": [5, 6, 6, 12], "texture": "#0"},
				"up": {"uv": [10, 7, 6, 6], "texture": "#0"},
				"down": {"uv": [10, 7, 6, 8], "texture": "#0"}
			}
		},
		{
			"from": [7.5, 0, 7.5],
			"to": [8.5, 1, 8.5],
			"rotation": {"angle": 0, "axis": "y", "origin": [7, -1, 7]},
			"faces": {
				"north": {"uv": [8, 0, 9, 1], "texture": "#0"},
				"east": {"uv": [8, 1, 9, 2], "texture": "#0"},
				"south": {"uv": [8, 2, 9, 3], "texture": "#0"},
				"west": {"uv": [8, 3, 9, 4], "texture": "#0"},
				"up": {"uv": [9, 5, 8, 4], "texture": "#0"},
				"down": {"uv": [9, 5, 8, 6], "texture": "#0"}
			}
		},
		{
			"from": [7.75, 1, 7.75],
			"to": [8.25, 10, 8.25],
			"rotation": {"angle": 0, "axis": "y", "origin": [7, 1, 7]},
			"faces": {
				"north": {"uv": [0, 6, 1, 15], "texture": "#0"},
				"east": {"uv": [1, 6, 2, 15], "texture": "#0"},
				"south": {"uv": [2, 6, 3, 15], "texture": "#0"},
				"west": {"uv": [3, 6, 4, 15], "texture": "#0"},
				"up": {"uv": [7, 9, 6, 8], "texture": "#0"},
				"down": {"uv": [8, 8, 7, 9], "texture": "#0"}
			}
		},
		{
			"from": [7.25, 9.775, 7.65],
			"to": [8.75, 10.025, 8.35],
			"rotation": {"angle": 0, "axis": "y", "origin": [7, 9.775, 7]},
			"faces": {
				"north": {"uv": [0, 0, 1, 1], "texture": "#0"},
				"east": {"uv": [0, 0, 1, 1], "texture": "#0"},
				"south": {"uv": [0, 0, 1, 1], "texture": "#0"},
				"west": {"uv": [0, 0, 1, 1], "texture": "#0"},
				"up": {"uv": [0, 0, 1, 1], "texture": "#0"},
				"down": {"uv": [0, 0, 1, 1], "texture": "#0"}
			}
		}
	],
	"display": {
		"thirdperson_righthand": {
			"rotation": [23.75, 0, 0],
			"translation": [0, 6.5, 5.75],
			"scale": [2, 2, 2]
		},
		"thirdperson_lefthand": {
			"rotation": [23.75, 0, 0],
			"translation": [0, 6.5, 5.75],
			"scale": [2, 2, 2]
		},
		"firstperson_righthand": {
			"rotation": [-13.41, 9, 2.12],
			"translation": [1.75, 1, 0],
			"scale": [2, 2, 2]
		},
		"firstperson_lefthand": {
			"rotation": [-13.41, 9, 2.12],
			"translation": [1.75, 1, 0],
			"scale": [2, 2, 2]
		},
		"gui": {
			"rotation": [0, -36, -43],
			"translation": [0, -0.75, 0],
			"scale": [1.2, 1.15, 1.2]
		}
	},
	"groups": [
		{
			"name": "group",
			"origin": [7, 1, 7],
			"color": 0,
			"nbt": "{}",
			"children": [0, 1, 2, 3]
		}
	]
}