{
	"format_version": "1.21.6",
	"credit": "Made with Blockbench",
	"textures": {
		"0": "block/plush/holden",
		"particle": "block/plush/holden"
	},
	"elements": [
		{
			"name": "torso",
			"from": [10.65, 1, 6.15],
			"to": [12.65, 8, 10.15],
			"rotation": {"angle": 22.5, "axis": "z", "origin": [10.15, 1, 9.15]},
			"faces": {
				"north": {"uv": [5, 6, 6, 9.5], "texture": "#0"},
				"east": {"uv": [6, 3, 8, 6.5], "texture": "#0"},
				"south": {"uv": [6, 6.5, 7, 10], "texture": "#0"},
				"west": {"uv": [3, 6, 5, 9.5], "texture": "#0"},
				"up": {"uv": [1, 9, 3, 10], "rotation": 90, "texture": "#0"},
				"down": {"uv": [9, 3.5, 11, 2.5], "rotation": 270, "texture": "#0"}
			}
		},
		{
			"from": [7.65, 0.5, 8.2],
			"to": [11.65, 2.5, 10.2],
			"rotation": {"angle": 22.5, "axis": "y", "origin": [11.65, 0.5, 10.2]},
			"faces": {
				"north": {"uv": [11.5, 7.5, 9.5, 8.5], "texture": "#0"},
				"east": {"uv": [10.5, 5.5, 11.5, 6.5], "texture": "#0"},
				"south": {"uv": [11.5, 6.5, 9.5, 7.5], "texture": "#0"},
				"west": {"uv": [11.5, 8.5, 10.5, 9.5], "texture": "#0"},
				"up": {"uv": [6, 9.5, 5, 11.5], "rotation": 90, "texture": "#0"},
				"down": {"uv": [9, 11.5, 8, 9.5], "rotation": 270, "texture": "#0"}
			}
		},
		{
			"from": [7.65, 0.5, 6.1],
			"to": [11.65, 2.5, 8.1],
			"rotation": {"angle": -22.5, "axis": "y", "origin": [11.65, 0.5, 6.1]},
			"faces": {
				"north": {"uv": [9.5, 6.5, 11.5, 7.5], "texture": "#0"},
				"east": {"uv": [9, 10.5, 10, 11.5], "texture": "#0"},
				"south": {"uv": [9.5, 7.5, 11.5, 8.5], "texture": "#0"},
				"west": {"uv": [10.5, 8.5, 11.5, 9.5], "texture": "#0"},
				"up": {"uv": [5, 9.5, 6, 11.5], "rotation": 90, "texture": "#0"},
				"down": {"uv": [8, 11.5, 9, 9.5], "rotation": 270, "texture": "#0"}
			}
		},
		{
			"from": [4.65, 5, 9.4],
			"to": [9.65, 7, 10.9],
			"rotation": {"angle": -22.5, "axis": "z", "origin": [9.65, 7, 9.4]},
			"faces": {
				"north": {"uv": [10.5, 8.5, 8, 9.5], "texture": "#0"},
				"east": {"uv": [11, 1, 12, 2], "texture": "#0"},
				"south": {"uv": [10.5, 5.5, 8, 6.5], "texture": "#0"},
				"west": {"uv": [10, 10.5, 11, 11.5], "texture": "#0"},
				"up": {"uv": [1, 9, 0, 11.5], "rotation": 90, "texture": "#0"},
				"down": {"uv": [10, 2.5, 9, 0], "rotation": 270, "texture": "#0"}
			}
		},
		{
			"from": [4.65, 5, 5.65],
			"to": [9.65, 7, 7.15],
			"rotation": {"angle": -22.5, "axis": "z", "origin": [9.65, 7, 7.15]},
			"faces": {
				"north": {"uv": [8, 5.5, 10.5, 6.5], "texture": "#0"},
				"east": {"uv": [11, 1, 12, 2], "texture": "#0"},
				"south": {"uv": [8, 8.5, 10.5, 9.5], "texture": "#0"},
				"west": {"uv": [1, 11, 2, 12], "texture": "#0"},
				"up": {"uv": [0, 9, 1, 11.5], "rotation": 90, "texture": "#0"},
				"down": {"uv": [9, 2.5, 10, 0], "rotation": 270, "texture": "#0"}
			}
		},
		{
			"from": [5.10882, 5.20704, 5.15],
			"to": [11.10882, 11.20704, 11.15],
			"rotation": {"angle": -22.5, "axis": "z", "origin": [11.15, 5.5, 8.15]},
			"faces": {
				"north": {"uv": [0, 3, 3, 6], "texture": "#0"},
				"east": {"uv": [3, 0, 6, 3], "texture": "#0"},
				"south": {"uv": [3, 3, 0, 6], "texture": "#0"},
				"west": {"uv": [0, 0, 3, 3], "texture": "#0"},
				"up": {"uv": [0, 6, 3, 9], "rotation": 90, "texture": "#0"},
				"down": {"uv": [6, 3, 9, 0], "rotation": 270, "texture": "#0"}
			}
		},
		{
			"from": [4.4, 7.75, 7.15],
			"to": [6.65, 8.75, 9.4],
			"rotation": {"angle": -22.5, "axis": "z", "origin": [4.4, 9.25, 9.25]},
			"faces": {
				"north": {"uv": [0.5, 15.5, 1, 16], "rotation": 270, "texture": "#0"},
				"east": {"uv": [0, 15.5, 0.5, 16], "rotation": 180, "texture": "#0"},
				"south": {"uv": [0.5, 15.5, 1, 16], "rotation": 90, "texture": "#0"},
				"west": {"uv": [1, 16, 1.5, 15.5], "texture": "#0"},
				"up": {"uv": [14.5, 0, 16, 1.5], "rotation": 90, "texture": "#0"},
				"down": {"uv": [2.5, 14, 4, 12.5], "rotation": 90, "texture": "#0"}
			}
		},
		{
			"from": [-6, 8, 5.25],
			"to": [0, 9, 11.25],
			"rotation": {"angle": 0, "axis": "y", "origin": [-6, 8, 5.25]},
			"faces": {
				"north": {"uv": [15.5, 13, 16, 13.5], "texture": "#0"},
				"east": {"uv": [15.5, 13, 16, 13.5], "texture": "#0"},
				"south": {"uv": [15.5, 13, 16, 13.5], "texture": "#0"},
				"west": {"uv": [15.5, 13, 16, 13.5], "texture": "#0"},
				"up": {"uv": [13.5, 13.5, 16, 16], "texture": "#0"},
				"down": {"uv": [11, 13.5, 13.5, 16], "texture": "#0"}
			}
		},
		{
			"from": [-3.81247, 8.95, 8.70447],
			"to": [-1.56247, 9.95, 10.95447],
			"rotation": {"angle": 0, "axis": "z", "origin": [-1.56247, 9, 8.80447]},
			"faces": {
				"north": {"uv": [0, 15.5, 0.5, 16], "rotation": 90, "texture": "#0"},
				"east": {"uv": [1, 16, 1.5, 15.5], "rotation": 180, "texture": "#0"},
				"south": {"uv": [0, 15.5, 0.5, 16], "rotation": 270, "texture": "#0"},
				"west": {"uv": [0.5, 15.5, 1, 16], "texture": "#0"},
				"up": {"uv": [2.5, 14, 4, 12.5], "rotation": 270, "texture": "#0"},
				"down": {"uv": [14.5, 0, 16, 1.5], "rotation": 270, "texture": "#0"}
			}
		},
		{
			"from": [-3.81247, 8.75, 7.60447],
			"to": [-1.56247, 11, 8.60447],
			"rotation": {"angle": 45, "axis": "x", "origin": [-1.56247, 9.85, 8.50447]},
			"faces": {
				"north": {"uv": [2.5, 14, 4, 12.5], "rotation": 90, "texture": "#0"},
				"east": {"uv": [1, 16, 1.5, 15.5], "rotation": 270, "texture": "#0"},
				"south": {"uv": [14.5, 0, 16, 1.5], "rotation": 270, "texture": "#0"},
				"west": {"uv": [0.5, 15.5, 1, 16], "rotation": 270, "texture": "#0"},
				"up": {"uv": [0, 15.5, 0.5, 16], "rotation": 270, "texture": "#0"},
				"down": {"uv": [0, 15.5, 0.5, 16], "rotation": 270, "texture": "#0"}
			}
		},
		{
			"from": [-3.81247, 8.85, 6.30447],
			"to": [-1.56247, 11.1, 7.30447],
			"rotation": {"angle": 45, "axis": "x", "origin": [-1.56247, 9.95, 7.20447]},
			"faces": {
				"north": {"uv": [2.5, 14, 4, 12.5], "rotation": 90, "texture": "#0"},
				"east": {"uv": [1, 16, 1.5, 15.5], "rotation": 270, "texture": "#0"},
				"south": {"uv": [14.5, 0, 16, 1.5], "rotation": 270, "texture": "#0"},
				"west": {"uv": [0.5, 15.5, 1, 16], "rotation": 270, "texture": "#0"},
				"up": {"uv": [0, 15.5, 0.5, 16], "rotation": 270, "texture": "#0"},
				"down": {"uv": [0, 15.5, 0.5, 16], "rotation": 270, "texture": "#0"}
			}
		}
	],
	"gui_light": "front",
	"display": {
		"thirdperson_righthand": {
			"rotation": [45.5, 0, 0],
			"translation": [0, 2.5, 1.25]
		},
		"thirdperson_lefthand": {
			"rotation": [45.5, 0, 0],
			"translation": [0, 2.5, 1.25]
		},
		"firstperson_righthand": {
			"rotation": [-180, 44.25, -180],
			"translation": [0, 7, 0]
		},
		"firstperson_lefthand": {
			"rotation": [-180, 44.25, -180],
			"translation": [0, 7, 0]
		},
		"ground": {
			"translation": [0, 7.5, 0],
			"scale": [1.5, 1.5, 1.5]
		},
		"gui": {
			"rotation": [-157.25, -27, -180],
			"translation": [0, 2, 0],
			"scale": [1.3, 1.3, 1.3]
		},
		"head": {
			"translation": [0, 16.75, -3],
			"scale": [1.3, 1.3, 1.3]
		},
		"fixed": {
			"rotation": [-90, 0, 0],
			"translation": [0, -15, 0],
			"scale": [2, 2, 2]
		}
	},
	"groups": [
		{
			"name": "holden",
			"origin": [7, 4, 7],
			"color": 0,
			"children": [
				0,
				{
					"name": "legs",
					"origin": [5.95, 3.5, 8.5],
					"color": 0,
					"children": [1, 2]
				},
				{
					"name": "hands",
					"origin": [6.75, 10, 6.5],
					"color": 0,
					"children": [3, 4]
				},
				{
					"name": "head",
					"origin": [7.5, 9.5, 3.5],
					"color": 0,
					"children": [5]
				}
			]
		},
		{
			"name": "sushi :yum:",
			"origin": [8, 8, 8],
			"color": 0,
			"children": [6]
		},
		{
			"name": "plate",
			"origin": [8, 8, 8],
			"color": 0,
			"children": [
				7,
				{
					"name": "food",
					"origin": [-6, 8, 5.25],
					"color": 0,
					"children": [8, 9, 10]
				}
			]
		}
	]
}