{
	"format_version": "1.21.6",
	"textures": {
		"0": "item/horsefly2",
		"particle": "item/horsefly2"
	},
	"elements": [
		{
			"from": [7, 9, 6],
			"to": [8, 10.5, 6.75],
			"rotation": {"angle": 0, "axis": "x", "origin": [6, 8, 6]},
			"faces": {
				"north": {"uv": [8, 8, 10, 11], "texture": "#0"},
				"east": {"uv": [0, 10, 2, 13], "texture": "#0"},
				"south": {"uv": [2, 10, 4, 13], "texture": "#0"},
				"west": {"uv": [10, 2, 12, 5], "texture": "#0"},
				"up": {"uv": [12, 10, 10, 8], "texture": "#0"},
				"down": {"uv": [12, 10, 10, 12], "texture": "#0"}
			}
		},
		{
			"from": [7, 10, 5],
			"to": [8, 10.5, 6],
			"rotation": {"angle": 0, "axis": "y", "origin": [6, 8, 6]},
			"faces": {
				"north": {"uv": [12, 4, 14, 5], "texture": "#0"},
				"east": {"uv": [12, 6, 14, 7], "texture": "#0"},
				"south": {"uv": [8, 12, 10, 13], "texture": "#0"},
				"west": {"uv": [12, 8, 14, 9], "texture": "#0"},
				"up": {"uv": [14, 4, 12, 2], "texture": "#0"},
				"down": {"uv": [6, 12, 4, 14], "texture": "#0"}
			}
		},
		{
			"from": [7, 8, 6],
			"to": [8, 9, 9],
			"rotation": {"angle": 0, "axis": "y", "origin": [6, 8, 6]},
			"faces": {
				"north": {"uv": [4, 10, 6, 12], "texture": "#0"},
				"east": {"uv": [0, 8, 6, 10], "texture": "#0"},
				"south": {"uv": [10, 6, 12, 8], "texture": "#0"},
				"west": {"uv": [8, 0, 14, 2], "texture": "#0"},
				"up": {"uv": [10, 8, 8, 2], "texture": "#0"},
				"down": {"uv": [8, 8, 6, 14], "texture": "#0"}
			}
		},
		{
			"from": [5, 9, 6.5],
			"to": [7, 9, 8.5],
			"rotation": {"angle": -22.5, "axis": "z", "origin": [7, 9, 7.5]},
			"faces": {
				"north": {"uv": [0, 0, 4, 0], "texture": "#0"},
				"east": {"uv": [0, 0, 4, 0], "texture": "#0"},
				"south": {"uv": [0, 0, 4, 0], "texture": "#0"},
				"west": {"uv": [0, 0, 4, 0], "texture": "#0"},
				"up": {"uv": [4, 4, 0, 0], "texture": "#0"},
				"down": {"uv": [4, 4, 0, 8], "texture": "#0"}
			}
		},
		{
			"from": [8, 9, 6.5],
			"to": [10, 9, 8.5],
			"rotation": {"angle": 22.5, "axis": "z", "origin": [8, 9, 7.5]},
			"faces": {
				"north": {"uv": [0, 0, 4, 0], "texture": "#0"},
				"east": {"uv": [0, 0, 4, 0], "texture": "#0"},
				"south": {"uv": [0, 0, 4, 0], "texture": "#0"},
				"west": {"uv": [0, 0, 4, 0], "texture": "#0"},
				"up": {"uv": [8, 4, 4, 0], "texture": "#0"},
				"down": {"uv": [8, 4, 4, 8], "texture": "#0"}
			}
		}
	],
	"display": {}
}