{
	"format_version": "1.21.6",
	"credit": "Made with Blockbench",
	"textures": {
		"0": "block/plush/incedium",
		"particle": "block/plush/incedium"
	},
	"elements": [
		{
			"from": [6, 4, 7.5],
			"to": [10, 11, 9.5],
			"rotation": {"angle": 0, "axis": "x", "origin": [7, 4, 7]},
			"faces": {
				"north": {"uv": [14, 6, 16, 9.5], "texture": "#0"},
				"east": {"uv": [4.5, 6, 6, 9.5], "texture": "#0"},
				"south": {"uv": [12, 6, 14, 9.5], "texture": "#0"},
				"west": {"uv": [3, 6, 4.5, 9.5], "texture": "#0"},
				"up": {"uv": [9, 9, 11, 10.5], "texture": "#0"},
				"down": {"uv": [9, 10.5, 11, 12], "texture": "#0"}
			}
		},
		{
			"from": [5.95, 0, 7.5],
			"to": [7.95, 4, 9.5],
			"rotation": {"angle": -22.5, "axis": "z", "origin": [5.95, 4, 9.5]},
			"faces": {
				"north": {"uv": [8.5, 12, 9.5, 14], "rotation": 180, "texture": "#0"},
				"east": {"uv": [5.5, 13, 7.5, 14], "rotation": 90, "texture": "#0"},
				"south": {"uv": [7.5, 12, 8.5, 14], "texture": "#0"},
				"west": {"uv": [5.5, 12, 7.5, 13], "rotation": 270, "texture": "#0"},
				"up": {"uv": [9.5, 13, 10.5, 14], "texture": "#0"},
				"down": {"uv": [9.5, 12, 10.5, 13], "rotation": 180, "texture": "#0"}
			}
		},
		{
			"from": [5.25, 8, 3],
			"to": [6.75, 10, 8],
			"rotation": {"angle": 22.5, "axis": "y", "origin": [6.75, 10, 8]},
			"faces": {
				"north": {"uv": [14.75, 13.5, 15.5, 14.5], "rotation": 180, "texture": "#0"},
				"east": {"uv": [14.5, 10, 15.5, 12.5], "rotation": 270, "texture": "#0"},
				"south": {"uv": [14, 12.5, 14.75, 13.5], "texture": "#0"},
				"west": {"uv": [14.5, 10, 15.5, 12.5], "rotation": 90, "texture": "#0"},
				"up": {"uv": [13, 10, 13.75, 12.5], "rotation": 180, "texture": "#0"},
				"down": {"uv": [3.75, 12.5, 4.5, 15], "texture": "#0"}
			}
		},
		{
			"from": [5, 11, 4],
			"to": [11, 17, 10],
			"rotation": {"angle": 22.5, "axis": "x", "origin": [7, 10, 3]},
			"faces": {
				"north": {"uv": [0, 0, 3, 3], "texture": "#0"},
				"east": {"uv": [0, 3, 3, 6], "texture": "#0"},
				"south": {"uv": [3, 0, 6, 3], "texture": "#0"},
				"west": {"uv": [3, 3, 6, 6], "texture": "#0"},
				"up": {"uv": [3, 9, 0, 6], "texture": "#0"},
				"down": {"uv": [9, 0, 6, 3], "texture": "#0"}
			}
		},
		{
			"from": [4.5, 10.5, 3.5],
			"to": [11.5, 17.5, 10.5],
			"rotation": {"angle": 22.5, "axis": "x", "origin": [7.5, 9.5, 3.5]},
			"faces": {
				"north": {"uv": [6, 3, 9, 6], "texture": "#0"},
				"east": {"uv": [6, 6, 9, 9], "texture": "#0"},
				"south": {"uv": [9, 3, 12, 6], "texture": "#0"},
				"west": {"uv": [9, 6, 12, 9], "texture": "#0"},
				"up": {"uv": [9, 12, 6, 9], "texture": "#0"},
				"down": {"uv": [15, 3, 12, 6], "texture": "#0"}
			}
		},
		{
			"from": [8.05, 0, 7.5],
			"to": [10.05, 4, 9.5],
			"rotation": {"angle": 22.5, "axis": "z", "origin": [10.05, 4, 9.5]},
			"faces": {
				"north": {"uv": [9.5, 12, 8.5, 14], "rotation": 180, "texture": "#0"},
				"east": {"uv": [7.5, 12, 5.5, 13], "rotation": 90, "texture": "#0"},
				"south": {"uv": [8.5, 12, 7.5, 14], "texture": "#0"},
				"west": {"uv": [7.5, 13, 5.5, 14], "rotation": 270, "texture": "#0"},
				"up": {"uv": [10.5, 13, 9.5, 14], "texture": "#0"},
				"down": {"uv": [10.5, 12, 9.5, 13], "rotation": 180, "texture": "#0"}
			}
		},
		{
			"from": [7, 0.5, 8.25],
			"to": [9, 5.5, 10.25],
			"rotation": {"angle": -22.5, "axis": "x", "origin": [7, 5.5, 9.25]},
			"faces": {
				"north": {"uv": [2.5, 10, 1.5, 12.5], "rotation": 180, "texture": "#0"},
				"east": {"uv": [3.5, 10, 6, 11], "rotation": 270, "texture": "#0"},
				"south": {"uv": [3.5, 12.5, 2.5, 10], "rotation": 180, "texture": "#0"},
				"west": {"uv": [3.5, 11, 6, 12], "rotation": 90, "texture": "#0"},
				"up": {"uv": [3.5, 12, 4.5, 13], "rotation": 180, "texture": "#0"},
				"down": {"uv": [4.5, 12, 5.5, 13], "texture": "#0"}
			}
		},
		{
			"from": [9, 8, 3],
			"to": [10.5, 10, 8],
			"rotation": {"angle": -22.5, "axis": "y", "origin": [9, 10, 8]},
			"faces": {
				"north": {"uv": [14.75, 12.5, 15.5, 13.5], "rotation": 180, "texture": "#0"},
				"east": {"uv": [14.5, 10, 15.5, 12.5], "rotation": 270, "texture": "#0"},
				"south": {"uv": [14, 12.5, 14.75, 13.5], "texture": "#0"},
				"west": {"uv": [14.5, 10, 15.5, 12.5], "rotation": 90, "texture": "#0"},
				"up": {"uv": [13, 10, 13.75, 12.5], "rotation": 180, "texture": "#0"},
				"down": {"uv": [3.75, 12.5, 4.5, 15], "texture": "#0"}
			}
		}
	],
	"gui_light": "front",
	"display": {
		"thirdperson_righthand": {
			"rotation": [45.5, 0, 0],
			"translation": [0, 2.5, 1.25]
		},
		"thirdperson_lefthand": {
			"rotation": [45.5, 0, 0],
			"translation": [0, 2.5, 1.25]
		},
		"firstperson_righthand": {
			"rotation": [-180, 44.25, -180],
			"translation": [0, 7, 0]
		},
		"firstperson_lefthand": {
			"rotation": [-180, 44.25, -180],
			"translation": [0, 7, 0]
		},
		"ground": {
			"translation": [0, 7.5, 0],
			"scale": [1.5, 1.5, 1.5]
		},
		"gui": {
			"rotation": [-157.25, -27, -180],
			"translation": [0, 2, 0],
			"scale": [1.3, 1.3, 1.3]
		},
		"head": {
			"translation": [0, 16.75, -3],
			"scale": [1.3, 1.3, 1.3]
		},
		"fixed": {
			"rotation": [-90, 0, 0],
			"translation": [0, -15, 0],
			"scale": [2, 2, 2]
		}
	}
}