{
  "parent": "minecraft:item/generated",
  "textures": {
    "layer0": "minecraft:item/ink_sac"
  },
  "overrides": [
    {
      "predicate": {
        "custom_model_data": 1
      },
      "model": "minecraft:item/ant1"
    },
    {
      "predicate": {
        "custom_model_data": 2
      },
      "model": "minecraft:item/ant2"
    },
    {
      "predicate": {
        "custom_model_data": 3
      },
      "model": "minecraft:item/ant3"
    },
    {
      "predicate": {
        "custom_model_data": 4
      },
      "model": "minecraft:item/dynamite"
    },
    {
      "predicate": {
        "custom_model_data": 5
      },
      "model": "minecraft:item/beetle"
    },
    {
      "predicate": {
        "custom_model_data": 6
      },
      "model": "minecraft:item/beetle2"
    },
    {
      "predicate": {
        "custom_model_data": 7
      },
      "model": "minecraft:item/fly"
    },
    {
      "predicate": {
        "custom_model_data": 8
      },
      "model": "minecraft:item/fly2"
    },
    {
      "predicate": {
        "custom_model_data": 9
      },
      "model": "minecraft:item/horsefly"
    },
    {
      "predicate": {
        "custom_model_data": 10
      },
      "model": "minecraft:item/horsefly2"
    }
  ]
}
