{
	"format_version": "1.21.6",
	"credit": "Made with Blockbench",
	"textures": {
		"0": "item/speaker",
		"particle": "item/speaker"
	},
	"elements": [
		{
			"from": [3, 0, 3],
			"to": [13, 15, 13],
			"rotation": {"angle": 0, "axis": "y", "origin": [7, 0, 7]},
			"faces": {
				"north": {"uv": [0, 0.5, 5, 8], "texture": "#0"},
				"east": {"uv": [5, 0.5, 10, 8], "texture": "#0"},
				"south": {"uv": [0, 8.5, 5, 16], "texture": "#0"},
				"west": {"uv": [5, 8.5, 10, 16], "texture": "#0"},
				"up": {"uv": [15, 5, 10, 0], "texture": "#0"},
				"down": {"uv": [15, 5, 10, 10], "texture": "#0"}
			}
		}
	],
	"gui_light": "front",
	"display": {
		"thirdperson_righthand": {
			"rotation": [-175.5, 0, 180],
			"translation": [0, 1.5, -3.25],
			"scale": [0.7, 0.7, 0.7]
		},
		"thirdperson_lefthand": {
			"rotation": [-175.5, 0, -180],
			"translation": [0, 1.5, -3.25],
			"scale": [0.7, 0.7, 0.7]
		},
		"firstperson_righthand": {
			"rotation": [-37.89, -58.66, -36.82],
			"translation": [0.5, 2, 0]
		},
		"firstperson_lefthand": {
			"rotation": [-37.89, -58.66, -36.82],
			"translation": [0.5, 2, 0]
		},
		"gui": {
			"rotation": [-14.09, 13.14, 13.64],
			"translation": [0, 0.5, -3.25],
			"scale": [0.8, 0.8, 0.8]
		},
		"head": {
			"rotation": [180, 0, 180],
			"translation": [0, 14.25, 0]
		}
	}
}