{
	"format_version": "1.9.0",
	"credit": "Made with Blockbench",
	"texture_size": [64, 64],
	"textures": {
		"0": "item/taco",
		"particle": "item/taco_meat"
	},
	"elements": [
		{
			"from": [6, 0, 2],
			"to": [10, 1, 14],
			"rotation": {"angle": 0, "axis": "y", "origin": [7, 0, 7]},
			"faces": {
				"north": {"uv": [5.5, 3.5, 6.5, 3.75], "texture": "#0"},
				"east": {"uv": [3, 4.75, 6, 5], "texture": "#0"},
				"south": {"uv": [5.5, 3.75, 6.5, 4], "texture": "#0"},
				"west": {"uv": [3, 5, 6, 5.25], "texture": "#0"},
				"up": {"uv": [1, 7.75, 0, 4.75], "texture": "#0"},
				"down": {"uv": [2, 4.75, 1, 7.75], "texture": "#0"}
			}
		},
		{
			"from": [6, 1, 2],
			"to": [7, 8, 14],
			"rotation": {"angle": 0, "axis": "y", "origin": [7, 0, 7]},
			"faces": {
				"north": {"uv": [4.5, 5.25, 4.75, 7], "texture": "#0"},
				"east": {"uv": [0, 0, 3, 1.75], "texture": "#0"},
				"south": {"uv": [4.75, 5.25, 5, 7], "texture": "#0"},
				"west": {"uv": [0, 1.75, 3, 3.5], "texture": "#0"},
				"up": {"uv": [3.25, 8.25, 3, 5.25], "texture": "#0"},
				"down": {"uv": [3.5, 5.25, 3.25, 8.25], "texture": "#0"}
			}
		},
		{
			"from": [9, 1, 2],
			"to": [10, 8, 14],
			"rotation": {"angle": 0, "axis": "y", "origin": [7, 0, 7]},
			"faces": {
				"north": {"uv": [5, 5.25, 5.25, 7], "texture": "#0"},
				"east": {"uv": [3, 0, 6, 1.75], "texture": "#0"},
				"south": {"uv": [5.25, 5.25, 5.5, 7], "texture": "#0"},
				"west": {"uv": [3, 1.75, 6, 3.5], "texture": "#0"},
				"up": {"uv": [3.75, 8.25, 3.5, 5.25], "texture": "#0"},
				"down": {"uv": [4, 5.25, 3.75, 8.25], "texture": "#0"}
			}
		},
		{
			"from": [7, 1, 3],
			"to": [9, 6, 13],
			"rotation": {"angle": 0, "axis": "y", "origin": [7, 1, 7]},
			"faces": {
				"north": {"uv": [5, 3.5, 5.5, 4.75], "texture": "#0"},
				"east": {"uv": [0, 3.5, 2.5, 4.75], "texture": "#0"},
				"south": {"uv": [4, 5.25, 4.5, 6.5], "texture": "#0"},
				"west": {"uv": [2.5, 3.5, 5, 4.75], "texture": "#0"},
				"up": {"uv": [2.5, 7.25, 2, 4.75], "texture": "#0"},
				"down": {"uv": [3, 4.75, 2.5, 7.25], "texture": "#0"}
			}
		}
	],
	"display": {
		"thirdperson_righthand": {
			"rotation": [0, 90, 0],
			"translation": [0, 2.25, 1.75],
			"scale": [0.7, 0.6, 0.6]
		},
		"firstperson_righthand": {
			"rotation": [0, 102, 0],
			"translation": [3, 9, -1.25]
		},
		"gui": {
			"rotation": [0, -24, 0],
			"translation": [0, 3.5, 0],
			"scale": [1.3, 1.2, 1.3]
		}
	}
}