{
	"textures": {
		"0": "block/plush/tootbirb",
		"particle": "block/plush/tootbirb"
	},
	"elements": [
		{
			"name": "torso",
			"from": [3.9, 6, 6.15],
			"to": [5.9, 13, 10.15],
			"rotation": {"angle": -45, "axis": "z", "origin": [3.4, 6, 9.15]},
			"faces": {
				"north": {"uv": [3.5, 9, 4, 10.75], "texture": "#0"},
				"east": {"uv": [1.5, 9, 2.5, 10.75], "texture": "#0"},
				"south": {"uv": [4, 9, 4.5, 10.75], "texture": "#0"},
				"west": {"uv": [2.5, 9, 3.5, 10.75], "texture": "#0"},
				"up": {"uv": [6.5, 11, 6, 10], "texture": "#0"},
				"down": {"uv": [7, 10, 6.5, 11], "texture": "#0"}
			}
		},
		{
			"from": [1.9, 4, 8.45],
			"to": [5.9, 6, 10.45],
			"rotation": {"angle": 45, "axis": "y", "origin": [5.9, 4, 10.45]},
			"faces": {
				"north": {"uv": [7, 10, 8, 10.5], "texture": "#0"},
				"east": {"uv": [10, 9.5, 10.5, 10], "texture": "#0"},
				"south": {"uv": [10, 7, 11, 7.5], "texture": "#0"},
				"west": {"uv": [9.75, 10, 10.25, 10.5], "texture": "#0"},
				"up": {"uv": [11, 7.5, 10, 7], "rotation": 180, "texture": "#0"},
				"down": {"uv": [11, 7, 10, 7.5], "rotation": 180, "texture": "#0"}
			}
		},
		{
			"from": [3.9, 4, 2.1],
			"to": [5.9, 6, 6.1],
			"rotation": {"angle": 45, "axis": "y", "origin": [5.9, 6, 6.1]},
			"faces": {
				"north": {"uv": [9.75, 10, 10.25, 10.5], "texture": "#0"},
				"east": {"uv": [7, 10.5, 8, 10], "texture": "#0"},
				"south": {"uv": [10.25, 10, 10.75, 10.5], "texture": "#0"},
				"west": {"uv": [7, 10, 8, 10.5], "rotation": 180, "texture": "#0"},
				"up": {"uv": [11, 7.5, 10, 7], "rotation": 270, "texture": "#0"},
				"down": {"uv": [11, 7, 10, 7.5], "rotation": 90, "texture": "#0"}
			}
		},
		{
			"from": [3.15, 8.75, 12.4],
			"to": [8.15, 10.75, 13.9],
			"rotation": {"angle": 45, "axis": "y", "origin": [5.15, 10.75, 10.4]},
			"faces": {
				"north": {"uv": [4.5, 9, 5.75, 9.5], "texture": "#0"},
				"east": {"uv": [0, 10.5, 0.5, 11], "texture": "#0"},
				"south": {"uv": [5.75, 9, 7, 9.5], "texture": "#0"},
				"west": {"uv": [0.5, 10.5, 1, 11], "texture": "#0"},
				"up": {"uv": [5.75, 9.5, 4.5, 9], "texture": "#0"},
				"down": {"uv": [5.75, 9.5, 4.5, 9], "texture": "#0"}
			}
		},
		{
			"from": [8.15, 8.5, 3.15],
			"to": [9.65, 10.5, 8.15],
			"rotation": {"angle": 22.5, "axis": "y", "origin": [4.4, 12.5, 6.15]},
			"faces": {
				"north": {"uv": [0.5, 11, 1, 10.5], "texture": "#0"},
				"east": {"uv": [5.75, 9, 7, 9.5], "rotation": 180, "texture": "#0"},
				"south": {"uv": [0, 10.5, 0.5, 11], "texture": "#0"},
				"west": {"uv": [4.5, 9, 5.75, 9.5], "rotation": 180, "texture": "#0"},
				"up": {"uv": [7, 9.5, 5.75, 9], "rotation": 270, "texture": "#0"},
				"down": {"uv": [7, 9.5, 5.75, 9], "rotation": 90, "texture": "#0"}
			}
		},
		{
			"from": [10.60704, 7.04118, 5.15],
			"to": [16.60704, 13.04118, 11.15],
			"rotation": {"angle": 45, "axis": "z", "origin": [10.15, 7, 8.15]},
			"faces": {
				"north": {"uv": [7, 7, 8.5, 8.5], "texture": "#0"},
				"east": {"uv": [7, 8.5, 8.5, 10], "texture": "#0"},
				"south": {"uv": [8.5, 7, 7, 8.5], "texture": "#0"},
				"west": {"uv": [8.5, 7, 10, 8.5], "texture": "#0"},
				"up": {"uv": [10, 10, 8.5, 8.5], "texture": "#0"},
				"down": {"uv": [9, 8.5, 7.5, 10], "texture": "#0"}
			}
		}
	],
	"groups": [
		{
			"name": "toot",
			"origin": [7, 4, 7],
			"color": 0,
			"children": [
				0,
				{
					"name": "legs",
					"origin": [5.95, 3.5, 8.5],
					"color": 0,
					"children": [1, 2]
				},
				{
					"name": "hands",
					"origin": [6.75, 10, 6.5],
					"color": 0,
					"children": [3, 4]
				},
				{
					"name": "head",
					"origin": [7.5, 9.5, 3.5],
					"color": 0,
					"children": [5]
				}
			]
		},
		{
			"name": "water machine",
			"origin": [8, 8, 8],
			"color": 0,
			"children": [6, 7]
		}
	]
}