{
	"textures": {
		"0": "item/wood_totem",
		"particle": "item/wood_totem"
	},
	"elements": [
		{
			"from": [5, 0, 5],
			"to": [11, 16, 11],
			"rotation": {"angle": 0, "axis": "y", "origin": [7, 0, 7]},
			"faces": {
				"north": {"uv": [2, 4, 3.5, 8], "texture": "#0"},
				"east": {"uv": [3.5, 4, 5, 8], "texture": "#0"},
				"south": {"uv": [5, 4, 6.5, 8], "texture": "#0"},
				"west": {"uv": [6, 0, 7.5, 4], "texture": "#0"},
				"up": {"uv": [8, 5.5, 6.5, 4], "texture": "#0"},
				"down": {"uv": [8, 5.5, 6.5, 7], "texture": "#0"}
			}
		},
		{
			"from": [8, 0, -3],
			"to": [8, 16, 5],
			"rotation": {"angle": 0, "axis": "y", "origin": [8, 7, 3]},
			"faces": {
				"north": {"uv": [0, 0, 0, 4], "texture": "#0"},
				"east": {"uv": [6, 0, 4, 4], "texture": "#0"},
				"south": {"uv": [0, 0, 0, 4], "texture": "#0"},
				"west": {"uv": [4, 0, 6, 4], "texture": "#0"},
				"up": {"uv": [0, 2, 0, 0], "texture": "#0"},
				"down": {"uv": [0, 0, 0, 2], "texture": "#0"}
			}
		},
		{
			"from": [8, 0, 11],
			"to": [8, 16, 19],
			"rotation": {"angle": 0, "axis": "y", "origin": [8, 7, 17]},
			"faces": {
				"north": {"uv": [0, 0, 0, 4], "texture": "#0"},
				"east": {"uv": [2, 0, 4, 4], "texture": "#0"},
				"south": {"uv": [0, 0, 0, 4], "texture": "#0"},
				"west": {"uv": [4, 0, 2, 4], "texture": "#0"},
				"up": {"uv": [0, 2, 0, 0], "texture": "#0"},
				"down": {"uv": [0, 0, 0, 2], "texture": "#0"}
			}
		},
		{
			"from": [0, 11, 6.5],
			"to": [5, 13, 9.5],
			"rotation": {"angle": 0, "axis": "y", "origin": [0, 11, 7]},
			"faces": {
				"north": {"uv": [7.5, 0.75, 8.75, 1.25], "texture": "#0"},
				"east": {"uv": [7.5, 1.75, 8.25, 2.25], "texture": "#0"},
				"south": {"uv": [7.5, 1.25, 8.75, 1.75], "texture": "#0"},
				"west": {"uv": [7.5, 2.25, 8.25, 2.75], "texture": "#0"},
				"up": {"uv": [7.75, 7.75, 6.5, 7], "texture": "#0"},
				"down": {"uv": [8.75, 0, 7.5, 0.75], "texture": "#0"}
			}
		}
	],
	"display": {
		"thirdperson_righthand": {
			"rotation": [-76.63, -87.72, -78.38],
			"translation": [0, 0, -3.25]
		},
		"thirdperson_lefthand": {
			"rotation": [-96.43, 87.89, 95.42],
			"translation": [0, 0, -3.25]
		},
		"firstperson_righthand": {
			"rotation": [87.23, -78.96, 85.56],
			"translation": [0.25, 0, -0.5]
		},
		"firstperson_lefthand": {
			"rotation": [-69.44, 69.43, 70.41],
			"translation": [0.25, 0, -0.5]
		},
		"gui": {
			"rotation": [59.17, 50.45, -50.18],
			"translation": [-1.25, -0.5, 0],
			"scale": [0.8, 0.8, 0.8]
		}
	}
}