{
    "pistol_fire1": {
        "sounds": ["pistol_fire1"]
    },
    "pistol_fire2": {
        "sounds": ["pistol_fire2"]
    },
    "shells1": {
        "sounds": ["shells1"]
    },
    "shells2": {
        "sounds": ["shells2"]
    },
    "shells3": {
        "sounds": ["shells3"]
    },
    "truck_starting": {
        "sounds": ["truck_starting"]
    },
    "purchase_success": {
        "sounds": ["purchase_success"]
    },
    "purchase_deny": {
        "sounds": ["purchase_deny"]
    },
    "truck_running": {
        "sounds": ["truck_running"]
    },
    "bossman1": {
        "sounds": ["bossman1"]
    },
    "bossman2": {
        "sounds": ["bossman2"]
    },
    "bossman3": {
        "sounds": ["bossman3"]
    },
    "bossman4": {
        "sounds": ["bossman4"]
    },
    "bossman5": {
        "sounds": ["bossman5"]
    },
    "bossman6": {
        "sounds": ["bossman6"]
    },
    "bossman7": {
        "sounds": ["bossman7"]
    },
    "startup": {
        "sounds": ["startup"]
    },
    "laser": {
        "sounds": ["laser"]
    },
    "squeak": {
        "sounds": ["squeak"]
    },
    "speaker": {
        "sounds": ["speaker"]
    },
    "silly_meow": {
        "sounds": ["silly_meow"]
    },
    "music/get_in_the_van": {
        "sounds": ["music/get_in_the_van"]
    },
    "music/could_they_feel_pain": {
        "sounds": ["music/could_they_feel_pain"]
    },
    "music/micron_by_micron": {
        "sounds": ["music/micron_by_micron"]
    },
    "music/they_dont_bite": {
        "sounds": ["music/they_dont_bite"]
    }
}
