{
    "providers": [
        {"type":"space","advances":{"!":-1}},
        {
            "type": "bitmap",
            "file": "font/big_txt/meow_txt.png",
            "ascent": 44,
            "height": 48,
            "chars": [
                    "m"
                ]
        },
        {
            "type": "bitmap",
            "file": "font/big_txt/money.png",
            "ascent": 18,
            "height": 24,
            "chars": [
                    "M"
                ]
        },
        {
            "type": "bitmap",
            "file": "font/big_txt/angry.png",
            "ascent": 28,
            "height": 38,
            "chars": [
                    "a"
                ]
        },
        {
            "type": "bitmap",
            "file": "font/big_txt/overkill.png",
            "ascent": 15,
            "height": 18,
            "chars": [
                    "o"
                ]
        },
        {
            "type": "bitmap",
            "file": "font/big_txt/dont_care.png",
            "ascent": 64,
            "height": 72,
            "chars": [
                    "d"
                ]
        },
        {
            "type": "bitmap",
            "file": "font/big_txt/kneecaps.png",
            "ascent": 24,
            "height": 36,
            "chars": [
                    "k"
                ]
        },
        {
            "type": "bitmap",
            "file": "font/big_txt/privilege.png",
            "ascent": 55,
            "height": 64,
            "chars": [
                    "p"
                ]
        },
        {
            "type": "bitmap",
            "file": "font/big_txt/ruin.png",
            "ascent": 32,
            "height": 32,
            "chars": [
                    "r"
                ]
        },
        {
            "type": "bitmap",
            "file": "font/big_txt/severe.png",
            "ascent": 26,
            "height": 28,
            "chars": [
                    "s"
                ]
        },
        {
            "type": "bitmap",
            "file": "font/big_txt/karl.png",
            "ascent": 32,
            "height": 32,
            "chars": [
                    "K"
                ]
        },
        {
            "type": "bitmap",
            "file": "font/big_txt/good_luck.png",
            "ascent": 48,
            "height": 48,
            "chars": [
                    "g"
                ]
        },
        {
            "type": "bitmap",
            "file": "font/big_txt/badly.png",
            "ascent": 22,
            "height": 32,
            "chars": [
                    "b"
                ]
        },
        {
            "type": "bitmap",
            "file": "font/big_txt/game.png",
            "ascent": 16,
            "height": 32,
            "chars": [
                    "G"
                ]
        },
        {
            "type": "bitmap",
            "file": "font/big_txt/everything.png",
            "ascent": 18,
            "height": 24,
            "chars": [
                    "e"
                ]
        },
        {
            "type": "bitmap",
            "file": "font/big_txt/hundred.png",
            "ascent": 26,
            "height": 38,
            "chars": [
                    "h"
                ]
        },
        {
            "type": "bitmap",
            "file": "font/big_txt/rating.png",
            "ascent": 21,
            "height": 28,
            "chars": [
                    "R"
                ]
        }
    ]
}