{
    "providers": [
        {"type":"space","advances":{"!":-1}},
        {
            "type": "bitmap",
            "file": "font/click_icons/right_click_icon.png",
            "ascent": 8,
            "height": 8,
            "chars": [
                    "r"
                ]
        },
        {
            "type": "bitmap",
            "file": "font/click_icons/left_click_icon.png",
            "ascent": 8,
            "height": 8,
            "chars": [
                    "l"
                ]
        },
        {
            "type": "bitmap",
            "file": "font/click_icons/shift_icon.png",
            "ascent": 7,
            "height": 8,
            "chars": [
                    "s"
                ]
        },
        {
            "type": "bitmap",
            "file": "font/click_icons/and.png",
            "ascent": 7,
            "height": 8,
            "chars": [
                    "+"
                ]
        }
    ]
}