{
    "providers": [
        {
            "type": "bitmap",
            "file": "font/queue1.png",
            "ascent": 8,
            "height": 8,
            "chars": [
                    "1"
                ]
        },
        {
            "type": "bitmap",
            "file": "font/queue2.png",
            "ascent": 8,
            "height": 8,
            "chars": [
                    "2"
                ]
        },
        {
            "type": "bitmap",
            "file": "font/queue3.png",
            "ascent": 8,
            "height": 8,
            "chars": [
                    "3"
                ]
        },
        {
            "type": "bitmap",
            "file": "font/queue4.png",
            "ascent": 8,
            "height": 8,
            "chars": [
                    "4"
                ]
        }
    ]
}
