{
    "providers": [
        {"type":"space","advances":{"!":-1,"?":1}},
        {
            "type": "bitmap",
            "file": "font/checkmark.png",
            "ascent": 8,
            "height": 8,
            "chars": [
                    "1"
                ]
        },
        {
            "type": "bitmap",
            "file": "font/warning.png",
            "ascent": 8,
            "height": 8,
            "chars": [
                    "2"
                ]
        },
        {
            "type": "bitmap",
            "file": "font/queue0.png",
            "ascent": 16,
            "height": 16,
            "chars": [
                    "3"
                ]
        },
        {
            "type": "bitmap",
            "file": "font/queue1.png",
            "ascent": 16,
            "height": 16,
            "chars": [
                    "4"
                ]
        },
        {
            "type": "bitmap",
            "file": "font/queue2.png",
            "ascent": 16,
            "height": 16,
            "chars": [
                    "5"
                ]
        },
        {
            "type": "bitmap",
            "file": "font/queue3.png",
            "ascent": 16,
            "height": 16,
            "chars": [
                    "6"
                ]
        },
        {
            "type": "bitmap",
            "file": "font/queue4.png",
            "ascent": 16,
            "height": 16,
            "chars": [
                    "7"
                ]
        },
        {
            "type": "bitmap",
            "file": "font/chattag.png",
            "ascent": 6,
            "height": 7,
            "chars": [
                    "8"
                ]
        },
        {"type":"bitmap","file":"font/win_xp_bg.png","chars":["a"],"ascent":13,"height":129},
        {"type":"bitmap","file":"font/gearbox.png","chars":["g"],"ascent":13,"height":129},
        {"type":"bitmap","file":"font/challenges.png","chars":["c"],"ascent":13,"height":129},
        {
            "type": "space",
            "advances": {
                "b": -1,
                "s": -90
            }
        },
        {
            "type": "bitmap",
            "file": "font/rose.png",
            "ascent": 8,
            "height": 8,
            "chars": [
                    "_"
                ]
        },
        {
            "type": "bitmap",
            "file": "font/bugbuck.png",
            "ascent": 8,
            "height": 8,
            "chars": [
                    "9"
                ]
        },
        {
            "type": "bitmap",
            "file": "font/line_end.png",
            "ascent": 1,
            "height": 1,
            "chars": [
                    "l"
                ]
        },
        {
            "type": "bitmap",
            "file": "font/exit_level.png",
            "ascent": 8,
            "height": 8,
            "chars": [
                    "e"
                ]
        },
        {
            "type": "bitmap",
            "file": "font/exit_level_awaiting.png",
            "ascent": 8,
            "height": 8,
            "chars": [
                    "E"
                ]
        },
        {
            "type": "bitmap",
            "file": "font/user.png",
            "ascent": 8,
            "height": 8,
            "chars": [
                    "u"
                ]
        },
        {
            "type": "bitmap",
            "file": "font/house_icon.png",
            "ascent": 8,
            "height": 8,
            "chars": [
                    "h"
                ]
        },
        {
            "type": "bitmap",
            "file": "font/heart.png",
            "ascent": 8,
            "height": 8,
            "chars": [
                    "w"
                ]
        },
        {
            "type": "bitmap",
            "file": "font/healing_circle.png",
            "ascent": 16,
            "height": 16,
            "chars": [
                    "y"
                ]
        }
        
    ]
}