{
    "providers": [
        {
            "type": "bitmap",
            "file": "minecraft:font/truck1.png",
            "ascent": 128,
            "height": 256,
            "chars": ["1"]
        },
        {
            "type": "bitmap",
            "file": "minecraft:font/truck2.png",
            "ascent": 128,
            "height": 256,
            "chars": ["2"]
        },
        {
            "type": "bitmap",
            "file": "minecraft:font/truck3.png",
            "ascent": 128,
            "height": 256,
            "chars": ["3"]
        },
        {
            "type": "bitmap",
            "file": "minecraft:font/truck4.png",
            "ascent": 128,
            "height": 256,
            "chars": ["4"]
        },
        {
            "type": "bitmap",
            "file": "minecraft:font/truck5.png",
            "ascent": 128,
            "height": 256,
            "chars": ["5"]
        },
        {
            "type": "bitmap",
            "file": "minecraft:font/truck6.png",
            "ascent": 128,
            "height": 256,
            "chars": ["6"]
        },
        {
            "type": "bitmap",
            "file": "minecraft:font/truck_back1.png",
            "ascent": 128,
            "height": 256,
            "chars": ["7"]
        },
        {
            "type": "bitmap",
            "file": "minecraft:font/truck_back2.png",
            "ascent": 128,
            "height": 256,
            "chars": ["8"]
        },
        {
            "type": "bitmap",
            "file": "minecraft:font/truck_back3.png",
            "ascent": 128,
            "height": 256,
            "chars": ["9"]
        },
        {
            "type": "bitmap",
            "file": "minecraft:font/truck_back4.png",
            "ascent": 128,
            "height": 256,
            "chars": ["0"]
        },
        {
            "type": "bitmap",
            "file": "minecraft:font/truck_back5.png",
            "ascent": 128,
            "height": 256,
            "chars": ["!"]
        },
        {
            "type": "bitmap",
            "file": "minecraft:font/truck_back6.png",
            "ascent": 128,
            "height": 256,
            "chars": ["?"]
        }
    ]
}
